[2026-03-08 18:40:51] Erreur getSliderImages: SQLSTATE[42S02]: Base table or view not found: 1146 Table 'gscc.slider_accueil' doesn't exist
[2026-03-08 18:40:51] Erreur getPartenairesActifs: SQLSTATE[42S02]: Base table or view not found: 1146 Table 'gscc.partenaires' doesn't exist
[2026-03-08 18:46:26] Erreur partenaires.php: SQLSTATE[42S02]: Base table or view not found: 1146 Table 'gscc.partenaires' doesn't exist
[2026-03-08 18:46:47] Erreur partenaires.php: SQLSTATE[42S02]: Base table or view not found: 1146 Table 'gscc.partenaires' doesn't exist
[2026-03-08 18:46:49] Erreur partenaires.php: SQLSTATE[42S02]: Base table or view not found: 1146 Table 'gscc.partenaires' doesn't exist
[2026-03-08 18:46:58] Erreur partenaires.php: SQLSTATE[42S02]: Base table or view not found: 1146 Table 'gscc.partenaires' doesn't exist
[2026-03-08 18:47:08] Erreur getSliderImages: SQLSTATE[42S02]: Base table or view not found: 1146 Table 'gscc.slider_accueil' doesn't exist
[2026-03-08 18:47:08] Erreur getPartenairesActifs: SQLSTATE[42S02]: Base table or view not found: 1146 Table 'gscc.partenaires' doesn't exist
[2026-03-08 21:26:22] Erreur getSliderImages: SQLSTATE[42S02]: Base table or view not found: 1146 Table 'gscc.slider_accueil' doesn't exist
[2026-03-08 21:26:22] Erreur getPartenairesActifs: SQLSTATE[42S02]: Base table or view not found: 1146 Table 'gscc.partenaires' doesn't exist
[2026-03-08 21:29:10] Erreur getSliderImages: SQLSTATE[42S02]: Base table or view not found: 1146 Table 'gscc.slider_accueil' doesn't exist
[2026-03-08 21:29:10] Erreur getPartenairesActifs: SQLSTATE[42S02]: Base table or view not found: 1146 Table 'gscc.partenaires' doesn't exist
[2026-03-09 00:08:46] Erreur partenaires.php: SQLSTATE[42S02]: Base table or view not found: 1146 Table 'gscc.partenaires' doesn't exist
[2026-03-09 00:23:15] Erreur getSliderImages: SQLSTATE[42S02]: Base table or view not found: 1146 Table 'gscc.slider_accueil' doesn't exist
[2026-03-09 00:23:15] Erreur getPartenairesActifs: SQLSTATE[42S02]: Base table or view not found: 1146 Table 'gscc.partenaires' doesn't exist
[2026-03-09 07:23:02] Erreur getSliderImages: SQLSTATE[42S02]: Base table or view not found: 1146 Table 'gscc.slider_accueil' doesn't exist
[2026-03-09 07:23:02] Erreur getPartenairesActifs: SQLSTATE[42S02]: Base table or view not found: 1146 Table 'gscc.partenaires' doesn't exist
[2026-03-09 07:30:17] Erreur getSliderImages: SQLSTATE[42S02]: Base table or view not found: 1146 Table 'gscc.slider_accueil' doesn't exist
[2026-03-09 07:30:17] Erreur getPartenairesActifs: SQLSTATE[42S02]: Base table or view not found: 1146 Table 'gscc.partenaires' doesn't exist
[2026-03-09 10:22:01] Erreur getSliderImages: SQLSTATE[42S02]: Base table or view not found: 1146 Table 'gscc.slider_accueil' doesn't exist
[2026-03-09 10:22:01] Erreur getPartenairesActifs: SQLSTATE[42S02]: Base table or view not found: 1146 Table 'gscc.partenaires' doesn't exist
[2026-03-09 10:26:49] Erreur getSliderImages: SQLSTATE[42S02]: Base table or view not found: 1146 Table 'gscc.slider_accueil' doesn't exist
[2026-03-09 10:26:49] Erreur getPartenairesActifs: SQLSTATE[42S02]: Base table or view not found: 1146 Table 'gscc.partenaires' doesn't exist
[2026-03-09 10:47:32] Erreur getSliderImages: SQLSTATE[42S02]: Base table or view not found: 1146 Table 'gscc.slider_accueil' doesn't exist
[2026-03-09 10:47:32] Erreur getPartenairesActifs: SQLSTATE[42S02]: Base table or view not found: 1146 Table 'gscc.partenaires' doesn't exist
[2026-03-09 10:47:54] Erreur getSliderImages: SQLSTATE[42S02]: Base table or view not found: 1146 Table 'gscc.slider_accueil' doesn't exist
[2026-03-09 10:47:54] Erreur getPartenairesActifs: SQLSTATE[42S02]: Base table or view not found: 1146 Table 'gscc.partenaires' doesn't exist
[2026-03-09 10:49:29] Erreur getSliderImages: SQLSTATE[42S02]: Base table or view not found: 1146 Table 'gscc.slider_accueil' doesn't exist
[2026-03-09 10:49:29] Erreur getPartenairesActifs: SQLSTATE[42S02]: Base table or view not found: 1146 Table 'gscc.partenaires' doesn't exist
[2026-03-09 10:49:30] Erreur getSliderImages: SQLSTATE[42S02]: Base table or view not found: 1146 Table 'gscc.slider_accueil' doesn't exist
[2026-03-09 10:49:30] Erreur getPartenairesActifs: SQLSTATE[42S02]: Base table or view not found: 1146 Table 'gscc.partenaires' doesn't exist
[2026-03-09 10:49:38] Erreur getSliderImages: SQLSTATE[42S02]: Base table or view not found: 1146 Table 'gscc.slider_accueil' doesn't exist
[2026-03-09 10:49:38] Erreur getPartenairesActifs: SQLSTATE[42S02]: Base table or view not found: 1146 Table 'gscc.partenaires' doesn't exist
[2026-03-09 10:49:41] Erreur getSliderImages: SQLSTATE[42S02]: Base table or view not found: 1146 Table 'gscc.slider_accueil' doesn't exist
[2026-03-09 10:49:41] Erreur getPartenairesActifs: SQLSTATE[42S02]: Base table or view not found: 1146 Table 'gscc.partenaires' doesn't exist
[2026-03-09 10:49:58] Erreur getSliderImages: SQLSTATE[42S02]: Base table or view not found: 1146 Table 'gscc.slider_accueil' doesn't exist
[2026-03-09 10:49:58] Erreur getPartenairesActifs: SQLSTATE[42S02]: Base table or view not found: 1146 Table 'gscc.partenaires' doesn't exist
[2026-03-09 10:50:03] Erreur getSliderImages: SQLSTATE[42S02]: Base table or view not found: 1146 Table 'gscc.slider_accueil' doesn't exist
[2026-03-09 10:50:03] Erreur getPartenairesActifs: SQLSTATE[42S02]: Base table or view not found: 1146 Table 'gscc.partenaires' doesn't exist
[2026-03-09 10:50:06] Erreur getSliderImages: SQLSTATE[42S02]: Base table or view not found: 1146 Table 'gscc.slider_accueil' doesn't exist
[2026-03-09 10:50:06] Erreur getPartenairesActifs: SQLSTATE[42S02]: Base table or view not found: 1146 Table 'gscc.partenaires' doesn't exist
[2026-03-09 10:50:58] Erreur getSliderImages: SQLSTATE[42S02]: Base table or view not found: 1146 Table 'gscc.slider_accueil' doesn't exist
[2026-03-09 10:50:58] Erreur getPartenairesActifs: SQLSTATE[42S02]: Base table or view not found: 1146 Table 'gscc.partenaires' doesn't exist
[2026-03-09 10:52:26] Erreur getSliderImages: SQLSTATE[42S02]: Base table or view not found: 1146 Table 'gscc.slider_accueil' doesn't exist
[2026-03-09 10:52:26] Erreur getPartenairesActifs: SQLSTATE[42S02]: Base table or view not found: 1146 Table 'gscc.partenaires' doesn't exist
[2026-03-09 10:57:29] Erreur getSliderImages: SQLSTATE[42S02]: Base table or view not found: 1146 Table 'gscc.slider_accueil' doesn't exist
[2026-03-09 10:57:29] Erreur getPartenairesActifs: SQLSTATE[42S02]: Base table or view not found: 1146 Table 'gscc.partenaires' doesn't exist
[2026-03-09 10:59:57] Erreur getSliderImages: SQLSTATE[42S02]: Base table or view not found: 1146 Table 'gscc.slider_accueil' doesn't exist
[2026-03-09 10:59:57] Erreur getPartenairesActifs: SQLSTATE[42S02]: Base table or view not found: 1146 Table 'gscc.partenaires' doesn't exist
[2026-03-09 11:00:03] Erreur partenaires.php: SQLSTATE[42S02]: Base table or view not found: 1146 Table 'gscc.partenaires' doesn't exist
[2026-03-09 11:07:27] Erreur partenaires.php: SQLSTATE[42S02]: Base table or view not found: 1146 Table 'gscc.partenaires' doesn't exist
[2026-03-09 11:07:52] Erreur partenaires.php: SQLSTATE[42S02]: Base table or view not found: 1146 Table 'gscc.partenaires' doesn't exist
[2026-03-09 11:09:12] Erreur partenaires.php: SQLSTATE[42S02]: Base table or view not found: 1146 Table 'gscc.partenaires' doesn't exist
[2026-03-09 11:11:09] Erreur getSliderImages: SQLSTATE[42S02]: Base table or view not found: 1146 Table 'gscc.slider_accueil' doesn't exist
[2026-03-09 11:11:09] Erreur getPartenairesActifs: SQLSTATE[42S02]: Base table or view not found: 1146 Table 'gscc.partenaires' doesn't exist
[2026-03-09 11:11:38] Erreur getSliderImages: SQLSTATE[42S02]: Base table or view not found: 1146 Table 'gscc.slider_accueil' doesn't exist
[2026-03-09 11:11:38] Erreur getPartenairesActifs: SQLSTATE[42S02]: Base table or view not found: 1146 Table 'gscc.partenaires' doesn't exist
[2026-03-09 11:11:54] Erreur getSliderImages: SQLSTATE[42S02]: Base table or view not found: 1146 Table 'gscc.slider_accueil' doesn't exist
[2026-03-09 11:11:54] Erreur getPartenairesActifs: SQLSTATE[42S02]: Base table or view not found: 1146 Table 'gscc.partenaires' doesn't exist
[2026-03-09 11:12:01] Erreur getSliderImages: SQLSTATE[42S02]: Base table or view not found: 1146 Table 'gscc.slider_accueil' doesn't exist
[2026-03-09 11:12:01] Erreur getPartenairesActifs: SQLSTATE[42S02]: Base table or view not found: 1146 Table 'gscc.partenaires' doesn't exist
[2026-03-09 11:12:34] Erreur getSliderImages: SQLSTATE[42S02]: Base table or view not found: 1146 Table 'gscc.slider_accueil' doesn't exist
[2026-03-09 11:12:34] Erreur getPartenairesActifs: SQLSTATE[42S02]: Base table or view not found: 1146 Table 'gscc.partenaires' doesn't exist
[2026-03-09 11:13:20] Erreur getSliderImages: SQLSTATE[42S02]: Base table or view not found: 1146 Table 'gscc.slider_accueil' doesn't exist
[2026-03-09 11:13:20] Erreur getPartenairesActifs: SQLSTATE[42S02]: Base table or view not found: 1146 Table 'gscc.partenaires' doesn't exist
[2026-03-09 11:14:53] Erreur partenaires.php: SQLSTATE[42S02]: Base table or view not found: 1146 Table 'gscc.partenaires' doesn't exist
[2026-03-09 11:15:35] Erreur partenaires.php: SQLSTATE[42S02]: Base table or view not found: 1146 Table 'gscc.partenaires' doesn't exist
[2026-03-09 11:18:02] Erreur getSliderImages: SQLSTATE[42S02]: Base table or view not found: 1146 Table 'gscc.slider_accueil' doesn't exist
[2026-03-09 11:18:02] Erreur getPartenairesActifs: SQLSTATE[42S02]: Base table or view not found: 1146 Table 'gscc.partenaires' doesn't exist
[2026-03-09 11:56:14] Erreur getSliderImages: SQLSTATE[42S02]: Base table or view not found: 1146 Table 'gscc.slider_accueil' doesn't exist
[2026-03-09 11:56:14] Erreur getPartenairesActifs: SQLSTATE[42S02]: Base table or view not found: 1146 Table 'gscc.partenaires' doesn't exist
[2026-03-09 11:57:58] Erreur getSliderImages: SQLSTATE[42S02]: Base table or view not found: 1146 Table 'gscc.slider_accueil' doesn't exist
[2026-03-09 11:57:58] Erreur getPartenairesActifs: SQLSTATE[42S02]: Base table or view not found: 1146 Table 'gscc.partenaires' doesn't exist
[2026-03-09 12:01:01] Erreur getSliderImages: SQLSTATE[42S02]: Base table or view not found: 1146 Table 'gscc.slider_accueil' doesn't exist
[2026-03-09 12:01:01] Erreur getPartenairesActifs: SQLSTATE[42S02]: Base table or view not found: 1146 Table 'gscc.partenaires' doesn't exist
[2026-03-09 12:07:09] Erreur getSliderImages: SQLSTATE[42S02]: Base table or view not found: 1146 Table 'gscc.slider_accueil' doesn't exist
[2026-03-09 12:07:09] Erreur getPartenairesActifs: SQLSTATE[42S02]: Base table or view not found: 1146 Table 'gscc.partenaires' doesn't exist
[2026-03-09 12:07:48] Erreur getSliderImages: SQLSTATE[42S02]: Base table or view not found: 1146 Table 'gscc.slider_accueil' doesn't exist
[2026-03-09 12:07:48] Erreur getPartenairesActifs: SQLSTATE[42S02]: Base table or view not found: 1146 Table 'gscc.partenaires' doesn't exist
[2026-03-09 12:11:13] Erreur getSliderImages: SQLSTATE[42S02]: Base table or view not found: 1146 Table 'gscc.slider_accueil' doesn't exist
[2026-03-09 12:11:13] Erreur getPartenairesActifs: SQLSTATE[42S02]: Base table or view not found: 1146 Table 'gscc.partenaires' doesn't exist
[2026-03-09 12:12:12] Erreur getSliderImages: SQLSTATE[42S02]: Base table or view not found: 1146 Table 'gscc.slider_accueil' doesn't exist
[2026-03-09 12:12:12] Erreur getPartenairesActifs: SQLSTATE[42S02]: Base table or view not found: 1146 Table 'gscc.partenaires' doesn't exist
[2026-03-09 12:12:50] Erreur getSliderImages: SQLSTATE[42S02]: Base table or view not found: 1146 Table 'gscc.slider_accueil' doesn't exist
[2026-03-09 12:12:50] Erreur getPartenairesActifs: SQLSTATE[42S02]: Base table or view not found: 1146 Table 'gscc.partenaires' doesn't exist
[2026-03-09 12:12:59] Erreur getSliderImages: SQLSTATE[42S02]: Base table or view not found: 1146 Table 'gscc.slider_accueil' doesn't exist
[2026-03-09 12:12:59] Erreur getPartenairesActifs: SQLSTATE[42S02]: Base table or view not found: 1146 Table 'gscc.partenaires' doesn't exist
[2026-03-09 12:17:34] Erreur getSliderImages: SQLSTATE[42S02]: Base table or view not found: 1146 Table 'gscc.slider_accueil' doesn't exist
[2026-03-09 12:17:50] Erreur getDerniersArticles: SQLSTATE[HY000]: General error: 2006 MySQL server has gone away
[2026-03-09 12:17:50] Erreur getProchainsEvenements: SQLSTATE[HY000]: General error: 2006 MySQL server has gone away
[2026-03-09 12:17:50] Erreur getTemoignagesApprouves: SQLSTATE[HY000]: General error: 2006 MySQL server has gone away
[2026-03-09 12:17:50] Erreur getPartenairesActifs: SQLSTATE[HY000]: General error: 2006 MySQL server has gone away
[2026-03-09 12:17:50] Erreur getParam: SQLSTATE[HY000]: General error: 2006 MySQL server has gone away
[2026-03-09 12:17:50] Erreur getParam: SQLSTATE[HY000]: General error: 2006 MySQL server has gone away
[2026-03-09 12:18:53] Erreur getSliderImages: SQLSTATE[42S02]: Base table or view not found: 1146 Table 'gscc.slider_accueil' doesn't exist
[2026-03-09 12:18:53] Erreur getPartenairesActifs: SQLSTATE[42S02]: Base table or view not found: 1146 Table 'gscc.partenaires' doesn't exist
[2026-03-09 12:56:41] Erreur getSliderImages: SQLSTATE[42S02]: Base table or view not found: 1146 Table 'gscc.slider_accueil' doesn't exist
[2026-03-09 12:56:41] Erreur getPartenairesActifs: SQLSTATE[42S02]: Base table or view not found: 1146 Table 'gscc.partenaires' doesn't exist
[2026-03-09 12:58:16] Erreur getSliderImages: SQLSTATE[42S02]: Base table or view not found: 1146 Table 'gscc.slider_accueil' doesn't exist
[2026-03-09 12:58:16] Erreur getPartenairesActifs: SQLSTATE[42S02]: Base table or view not found: 1146 Table 'gscc.partenaires' doesn't exist
[2026-03-09 13:05:04] Erreur getSliderImages: SQLSTATE[42S02]: Base table or view not found: 1146 Table 'gscc.slider_accueil' doesn't exist
[2026-03-09 13:05:04] Erreur getPartenairesActifs: SQLSTATE[42S02]: Base table or view not found: 1146 Table 'gscc.partenaires' doesn't exist
[2026-03-09 13:05:42] Erreur getSliderImages: SQLSTATE[42S02]: Base table or view not found: 1146 Table 'gscc.slider_accueil' doesn't exist
[2026-03-09 13:05:42] Erreur getPartenairesActifs: SQLSTATE[42S02]: Base table or view not found: 1146 Table 'gscc.partenaires' doesn't exist
[2026-03-09 13:05:59] Erreur getSliderImages: SQLSTATE[42S02]: Base table or view not found: 1146 Table 'gscc.slider_accueil' doesn't exist
[2026-03-09 13:05:59] Erreur getPartenairesActifs: SQLSTATE[42S02]: Base table or view not found: 1146 Table 'gscc.partenaires' doesn't exist
[2026-03-09 13:08:16] Erreur getSliderImages: SQLSTATE[42S02]: Base table or view not found: 1146 Table 'gscc.slider_accueil' doesn't exist
[2026-03-09 13:08:16] Erreur getPartenairesActifs: SQLSTATE[42S02]: Base table or view not found: 1146 Table 'gscc.partenaires' doesn't exist
[2026-03-09 13:08:48] Erreur getSliderImages: SQLSTATE[42S02]: Base table or view not found: 1146 Table 'gscc.slider_accueil' doesn't exist
[2026-03-09 13:08:48] Erreur getPartenairesActifs: SQLSTATE[42S02]: Base table or view not found: 1146 Table 'gscc.partenaires' doesn't exist
[2026-03-09 13:08:56] Erreur getSliderImages: SQLSTATE[42S02]: Base table or view not found: 1146 Table 'gscc.slider_accueil' doesn't exist
[2026-03-09 13:08:56] Erreur getPartenairesActifs: SQLSTATE[42S02]: Base table or view not found: 1146 Table 'gscc.partenaires' doesn't exist
[2026-03-09 13:10:17] Erreur getSliderImages: SQLSTATE[42S02]: Base table or view not found: 1146 Table 'gscc.slider_accueil' doesn't exist
[2026-03-09 13:10:17] Erreur getPartenairesActifs: SQLSTATE[42S02]: Base table or view not found: 1146 Table 'gscc.partenaires' doesn't exist
[2026-03-09 13:10:31] Erreur getSliderImages: SQLSTATE[42S02]: Base table or view not found: 1146 Table 'gscc.slider_accueil' doesn't exist
[2026-03-09 13:10:31] Erreur getPartenairesActifs: SQLSTATE[42S02]: Base table or view not found: 1146 Table 'gscc.partenaires' doesn't exist
[2026-03-09 13:17:09] Erreur getSliderImages: SQLSTATE[42S02]: Base table or view not found: 1146 Table 'gscc.slider_accueil' doesn't exist
[2026-03-09 13:17:09] Erreur getPartenairesActifs: SQLSTATE[42S02]: Base table or view not found: 1146 Table 'gscc.partenaires' doesn't exist
[2026-03-09 13:19:14] Erreur getSliderImages: SQLSTATE[42S02]: Base table or view not found: 1146 Table 'gscc.slider_accueil' doesn't exist
[2026-03-09 13:19:14] Erreur getPartenairesActifs: SQLSTATE[42S02]: Base table or view not found: 1146 Table 'gscc.partenaires' doesn't exist
[2026-03-09 13:32:53] Erreur getSliderImages: SQLSTATE[42S02]: Base table or view not found: 1146 Table 'gscc.slider_accueil' doesn't exist
[2026-03-09 13:32:53] Erreur getPartenairesActifs: SQLSTATE[42S02]: Base table or view not found: 1146 Table 'gscc.partenaires' doesn't exist
[2026-03-09 13:33:50] Erreur getSliderImages: SQLSTATE[42S02]: Base table or view not found: 1146 Table 'gscc.slider_accueil' doesn't exist
[2026-03-09 13:33:50] Erreur getPartenairesActifs: SQLSTATE[42S02]: Base table or view not found: 1146 Table 'gscc.partenaires' doesn't exist
[2026-03-09 13:34:04] Erreur getSliderImages: SQLSTATE[42S02]: Base table or view not found: 1146 Table 'gscc.slider_accueil' doesn't exist
[2026-03-09 13:34:04] Erreur getPartenairesActifs: SQLSTATE[42S02]: Base table or view not found: 1146 Table 'gscc.partenaires' doesn't exist
[2026-03-09 13:34:31] Erreur getSliderImages: SQLSTATE[42S02]: Base table or view not found: 1146 Table 'gscc.slider_accueil' doesn't exist
[2026-03-09 13:34:31] Erreur getPartenairesActifs: SQLSTATE[42S02]: Base table or view not found: 1146 Table 'gscc.partenaires' doesn't exist
[2026-03-09 13:36:54] Erreur getSliderImages: SQLSTATE[42S02]: Base table or view not found: 1146 Table 'gscc.slider_accueil' doesn't exist
[2026-03-09 13:36:54] Erreur getPartenairesActifs: SQLSTATE[42S02]: Base table or view not found: 1146 Table 'gscc.partenaires' doesn't exist
[2026-03-09 17:04:12] Erreur partenaires.php: SQLSTATE[42S02]: Base table or view not found: 1146 Table 'gscc.partenaires' doesn't exist
[2026-03-09 17:04:36] Erreur getSliderImages: SQLSTATE[42S02]: Base table or view not found: 1146 Table 'gscc.slider_accueil' doesn't exist
[2026-03-09 17:04:36] Erreur getPartenairesActifs: SQLSTATE[42S02]: Base table or view not found: 1146 Table 'gscc.partenaires' doesn't exist
[2026-03-09 17:05:53] Erreur getSliderImages: SQLSTATE[42S02]: Base table or view not found: 1146 Table 'gscc.slider_accueil' doesn't exist
[2026-03-09 17:05:53] Erreur getPartenairesActifs: SQLSTATE[42S02]: Base table or view not found: 1146 Table 'gscc.partenaires' doesn't exist
[2026-03-09 17:06:37] Erreur getSliderImages: SQLSTATE[42S02]: Base table or view not found: 1146 Table 'gscc.slider_accueil' doesn't exist
[2026-03-09 17:06:37] Erreur getPartenairesActifs: SQLSTATE[42S02]: Base table or view not found: 1146 Table 'gscc.partenaires' doesn't exist
[2026-03-09 17:06:59] Erreur getSliderImages: SQLSTATE[42S02]: Base table or view not found: 1146 Table 'gscc.slider_accueil' doesn't exist
[2026-03-09 17:06:59] Erreur getPartenairesActifs: SQLSTATE[42S02]: Base table or view not found: 1146 Table 'gscc.partenaires' doesn't exist
[2026-03-09 17:07:19] Erreur getSliderImages: SQLSTATE[42S02]: Base table or view not found: 1146 Table 'gscc.slider_accueil' doesn't exist
[2026-03-09 17:07:19] Erreur getPartenairesActifs: SQLSTATE[42S02]: Base table or view not found: 1146 Table 'gscc.partenaires' doesn't exist
[2026-03-09 17:12:35] Erreur partenaires.php: SQLSTATE[42S02]: Base table or view not found: 1146 Table 'gscc.partenaires' doesn't exist
[2026-03-09 17:12:44] Erreur getSliderImages: SQLSTATE[42S02]: Base table or view not found: 1146 Table 'gscc.slider_accueil' doesn't exist
[2026-03-09 17:12:44] Erreur getPartenairesActifs: SQLSTATE[42S02]: Base table or view not found: 1146 Table 'gscc.partenaires' doesn't exist
[2026-03-09 17:14:07] Erreur partenaires.php: SQLSTATE[42S02]: Base table or view not found: 1146 Table 'gscc.partenaires' doesn't exist
[2026-03-09 17:14:52] Erreur partenaires.php: SQLSTATE[42S02]: Base table or view not found: 1146 Table 'gscc.partenaires' doesn't exist
[2026-03-09 17:15:54] Erreur partenaires.php: SQLSTATE[42S02]: Base table or view not found: 1146 Table 'gscc.partenaires' doesn't exist
[2026-03-09 17:20:15] Erreur getSliderImages: SQLSTATE[42S02]: Base table or view not found: 1146 Table 'gscc.slider_accueil' doesn't exist
[2026-03-09 17:20:15] Erreur getPartenairesActifs: SQLSTATE[42S02]: Base table or view not found: 1146 Table 'gscc.partenaires' doesn't exist
[2026-03-09 17:32:46] Erreur getSliderImages: SQLSTATE[42S02]: Base table or view not found: 1146 Table 'gscc.slider_accueil' doesn't exist
[2026-03-09 17:32:46] Erreur getPartenairesActifs: SQLSTATE[42S02]: Base table or view not found: 1146 Table 'gscc.partenaires' doesn't exist
[2026-03-09 17:33:15] Erreur getSliderImages: SQLSTATE[42S02]: Base table or view not found: 1146 Table 'gscc.slider_accueil' doesn't exist
[2026-03-09 17:33:15] Erreur getPartenairesActifs: SQLSTATE[42S02]: Base table or view not found: 1146 Table 'gscc.partenaires' doesn't exist
[2026-03-09 17:33:26] Erreur getSliderImages: SQLSTATE[42S02]: Base table or view not found: 1146 Table 'gscc.slider_accueil' doesn't exist
[2026-03-09 17:33:26] Erreur getPartenairesActifs: SQLSTATE[42S02]: Base table or view not found: 1146 Table 'gscc.partenaires' doesn't exist
[2026-03-09 17:33:47] Erreur getSliderImages: SQLSTATE[42S02]: Base table or view not found: 1146 Table 'gscc.slider_accueil' doesn't exist
[2026-03-09 17:33:47] Erreur getPartenairesActifs: SQLSTATE[42S02]: Base table or view not found: 1146 Table 'gscc.partenaires' doesn't exist
[2026-03-09 17:34:00] Erreur getSliderImages: SQLSTATE[42S02]: Base table or view not found: 1146 Table 'gscc.slider_accueil' doesn't exist
[2026-03-09 17:34:00] Erreur getPartenairesActifs: SQLSTATE[42S02]: Base table or view not found: 1146 Table 'gscc.partenaires' doesn't exist
[2026-03-09 17:40:18] Erreur getSliderImages: SQLSTATE[42S02]: Base table or view not found: 1146 Table 'gscc.slider_accueil' doesn't exist
[2026-03-09 17:40:18] Erreur getPartenairesActifs: SQLSTATE[42S02]: Base table or view not found: 1146 Table 'gscc.partenaires' doesn't exist
[2026-03-09 17:40:29] Erreur getSliderImages: SQLSTATE[42S02]: Base table or view not found: 1146 Table 'gscc.slider_accueil' doesn't exist
[2026-03-09 17:40:29] Erreur getPartenairesActifs: SQLSTATE[42S02]: Base table or view not found: 1146 Table 'gscc.partenaires' doesn't exist
[2026-03-09 17:40:37] Erreur getSliderImages: SQLSTATE[42S02]: Base table or view not found: 1146 Table 'gscc.slider_accueil' doesn't exist
[2026-03-09 17:40:37] Erreur getPartenairesActifs: SQLSTATE[42S02]: Base table or view not found: 1146 Table 'gscc.partenaires' doesn't exist
[2026-03-09 17:41:02] Erreur partenaires.php: SQLSTATE[42S02]: Base table or view not found: 1146 Table 'gscc.partenaires' doesn't exist
[2026-03-09 17:41:11] Erreur partenaires.php: SQLSTATE[42S02]: Base table or view not found: 1146 Table 'gscc.partenaires' doesn't exist
[2026-03-09 17:42:44] Erreur getSliderImages: SQLSTATE[42S02]: Base table or view not found: 1146 Table 'gscc.slider_accueil' doesn't exist
[2026-03-09 17:42:44] Erreur getPartenairesActifs: SQLSTATE[42S02]: Base table or view not found: 1146 Table 'gscc.partenaires' doesn't exist
[2026-03-09 18:45:31] Erreur getSliderImages: SQLSTATE[42S02]: Base table or view not found: 1146 Table 'gscc.slider_accueil' doesn't exist
[2026-03-09 18:45:31] Erreur getPartenairesActifs: SQLSTATE[42S02]: Base table or view not found: 1146 Table 'gscc.partenaires' doesn't exist
[2026-03-09 19:56:15] Erreur getSliderImages: SQLSTATE[42S02]: Base table or view not found: 1146 Table 'gscc.slider_accueil' doesn't exist
[2026-03-09 19:56:15] Erreur getPartenairesActifs: SQLSTATE[42S02]: Base table or view not found: 1146 Table 'gscc.partenaires' doesn't exist
[2026-03-09 20:46:39] Erreur partenaires.php: SQLSTATE[42S02]: Base table or view not found: 1146 Table 'gscc.partenaires' doesn't exist
[2026-03-09 20:48:41] Erreur getSliderImages: SQLSTATE[42S02]: Base table or view not found: 1146 Table 'gscc.slider_accueil' doesn't exist
[2026-03-09 20:48:41] Erreur getPartenairesActifs: SQLSTATE[42S02]: Base table or view not found: 1146 Table 'gscc.partenaires' doesn't exist
[2026-03-09 21:09:50] Erreur getSliderImages: SQLSTATE[42S02]: Base table or view not found: 1146 Table 'gscc.slider_accueil' doesn't exist
[2026-03-09 21:09:50] Erreur getPartenairesActifs: SQLSTATE[42S02]: Base table or view not found: 1146 Table 'gscc.partenaires' doesn't exist
[2026-03-09 21:10:22] Erreur getSliderImages: SQLSTATE[42S02]: Base table or view not found: 1146 Table 'gscc.slider_accueil' doesn't exist
[2026-03-09 21:10:22] Erreur getPartenairesActifs: SQLSTATE[42S02]: Base table or view not found: 1146 Table 'gscc.partenaires' doesn't exist
[2026-03-09 21:23:38] Erreur getSliderImages: SQLSTATE[42S02]: Base table or view not found: 1146 Table 'gscc.slider_accueil' doesn't exist
[2026-03-09 21:23:38] Erreur getPartenairesActifs: SQLSTATE[42S02]: Base table or view not found: 1146 Table 'gscc.partenaires' doesn't exist
[2026-03-09 21:24:14] Erreur getSliderImages: SQLSTATE[42S02]: Base table or view not found: 1146 Table 'gscc.slider_accueil' doesn't exist
[2026-03-09 21:24:14] Erreur getPartenairesActifs: SQLSTATE[42S02]: Base table or view not found: 1146 Table 'gscc.partenaires' doesn't exist
[2026-03-09 21:24:29] Erreur partenaires.php: SQLSTATE[42S02]: Base table or view not found: 1146 Table 'gscc.partenaires' doesn't exist
[2026-03-09 21:30:52] Erreur partenaires.php: SQLSTATE[42S02]: Base table or view not found: 1146 Table 'gscc.partenaires' doesn't exist
[2026-03-10 08:27:44] Erreur partenaires.php: SQLSTATE[42S02]: Base table or view not found: 1146 Table 'gscc.partenaires' doesn't exist
[2026-03-10 08:29:38] Erreur getSliderImages: SQLSTATE[42S02]: Base table or view not found: 1146 Table 'gscc.slider_accueil' doesn't exist
[2026-03-10 08:29:38] Erreur getPartenairesActifs: SQLSTATE[42S02]: Base table or view not found: 1146 Table 'gscc.partenaires' doesn't exist
[2026-03-10 08:30:06] Erreur partenaires.php: SQLSTATE[42S02]: Base table or view not found: 1146 Table 'gscc.partenaires' doesn't exist
[2026-03-10 08:39:07] Erreur partenaires.php: SQLSTATE[42S02]: Base table or view not found: 1146 Table 'gscc.partenaires' doesn't exist
[2026-03-10 08:48:59] Erreur partenaires.php: SQLSTATE[42S02]: Base table or view not found: 1146 Table 'gscc.partenaires' doesn't exist
[2026-03-10 08:52:58] Erreur getSliderImages: SQLSTATE[42S02]: Base table or view not found: 1146 Table 'gscc.slider_accueil' doesn't exist
[2026-03-10 08:52:58] Erreur getPartenairesActifs: SQLSTATE[42S02]: Base table or view not found: 1146 Table 'gscc.partenaires' doesn't exist
[2026-03-10 08:53:07] Erreur partenaires.php: SQLSTATE[42S02]: Base table or view not found: 1146 Table 'gscc.partenaires' doesn't exist
[2026-03-10 08:56:15] Erreur partenaires.php: SQLSTATE[42S02]: Base table or view not found: 1146 Table 'gscc.partenaires' doesn't exist
[2026-03-10 08:59:04] Erreur partenaires.php: SQLSTATE[42S02]: Base table or view not found: 1146 Table 'gscc.partenaires' doesn't exist
[2026-03-10 09:00:53] Erreur partenaires.php: SQLSTATE[42S02]: Base table or view not found: 1146 Table 'gscc.partenaires' doesn't exist
[2026-03-10 09:04:52] Erreur getSliderImages: SQLSTATE[42S02]: Base table or view not found: 1146 Table 'gscc.slider_accueil' doesn't exist
[2026-03-10 09:04:52] Erreur getPartenairesActifs: SQLSTATE[42S02]: Base table or view not found: 1146 Table 'gscc.partenaires' doesn't exist
[2026-03-10 09:05:24] Erreur partenaires.php: SQLSTATE[42S02]: Base table or view not found: 1146 Table 'gscc.partenaires' doesn't exist
[2026-03-10 09:07:44] Erreur partenaires.php: SQLSTATE[42S02]: Base table or view not found: 1146 Table 'gscc.partenaires' doesn't exist
[2026-03-10 09:10:05] Erreur partenaires.php: SQLSTATE[42S02]: Base table or view not found: 1146 Table 'gscc.partenaires' doesn't exist
[2026-03-10 09:19:40] Erreur getSliderImages: SQLSTATE[42S02]: Base table or view not found: 1146 Table 'gscc.slider_accueil' doesn't exist
[2026-03-10 09:19:40] Erreur getPartenairesActifs: SQLSTATE[42S02]: Base table or view not found: 1146 Table 'gscc.partenaires' doesn't exist
[2026-03-10 09:19:47] Erreur getSliderImages: SQLSTATE[42S02]: Base table or view not found: 1146 Table 'gscc.slider_accueil' doesn't exist
[2026-03-10 09:19:47] Erreur getPartenairesActifs: SQLSTATE[42S02]: Base table or view not found: 1146 Table 'gscc.partenaires' doesn't exist
[2026-03-10 09:21:38] Erreur partenaires.php: SQLSTATE[42S02]: Base table or view not found: 1146 Table 'gscc.partenaires' doesn't exist
[2026-03-10 09:30:55] Erreur getSliderImages: SQLSTATE[42S02]: Base table or view not found: 1146 Table 'gscc.slider_accueil' doesn't exist
[2026-03-10 09:30:55] Erreur getPartenairesActifs: SQLSTATE[42S02]: Base table or view not found: 1146 Table 'gscc.partenaires' doesn't exist
[2026-03-10 09:52:39] Erreur partenaires.php: SQLSTATE[42S02]: Base table or view not found: 1146 Table 'gscc.partenaires' doesn't exist
[2026-03-10 09:57:53] Erreur partenaires.php: SQLSTATE[42S02]: Base table or view not found: 1146 Table 'gscc.partenaires' doesn't exist
[2026-03-10 09:58:04] Erreur partenaires.php: SQLSTATE[42S02]: Base table or view not found: 1146 Table 'gscc.partenaires' doesn't exist
[2026-03-10 09:58:09] Erreur partenaires.php: SQLSTATE[42S02]: Base table or view not found: 1146 Table 'gscc.partenaires' doesn't exist
[2026-03-10 09:58:28] Erreur partenaires.php: SQLSTATE[42S02]: Base table or view not found: 1146 Table 'gscc.partenaires' doesn't exist
[2026-03-10 09:59:21] Erreur partenaires.php: SQLSTATE[42S02]: Base table or view not found: 1146 Table 'gscc.partenaires' doesn't exist
[2026-03-10 10:05:11] Erreur getSliderImages: SQLSTATE[42S02]: Base table or view not found: 1146 Table 'gscc.slider_accueil' doesn't exist
[2026-03-10 10:05:11] Erreur getPartenairesActifs: SQLSTATE[42S02]: Base table or view not found: 1146 Table 'gscc.partenaires' doesn't exist
[2026-03-10 10:11:21] Erreur partenaires.php: SQLSTATE[42S02]: Base table or view not found: 1146 Table 'gscc.partenaires' doesn't exist
[2026-03-10 10:11:29] Erreur getSliderImages: SQLSTATE[42S02]: Base table or view not found: 1146 Table 'gscc.slider_accueil' doesn't exist
[2026-03-10 10:11:29] Erreur getPartenairesActifs: SQLSTATE[42S02]: Base table or view not found: 1146 Table 'gscc.partenaires' doesn't exist
[2026-03-10 10:13:13] Erreur partenaires.php: SQLSTATE[42S02]: Base table or view not found: 1146 Table 'gscc.partenaires' doesn't exist
[2026-03-10 10:15:27] Erreur partenaires.php: SQLSTATE[42S02]: Base table or view not found: 1146 Table 'gscc.partenaires' doesn't exist
[2026-03-10 10:15:45] Erreur getSliderImages: SQLSTATE[42S02]: Base table or view not found: 1146 Table 'gscc.slider_accueil' doesn't exist
[2026-03-10 10:15:45] Erreur getPartenairesActifs: SQLSTATE[42S02]: Base table or view not found: 1146 Table 'gscc.partenaires' doesn't exist
[2026-03-10 10:19:20] Erreur partenaires.php: SQLSTATE[42S02]: Base table or view not found: 1146 Table 'gscc.partenaires' doesn't exist
[2026-03-10 10:51:37] Erreur partenaires.php: SQLSTATE[42S02]: Base table or view not found: 1146 Table 'gscc.partenaires' doesn't exist
[2026-03-10 10:52:23] Erreur getSliderImages: SQLSTATE[42S02]: Base table or view not found: 1146 Table 'gscc.slider_accueil' doesn't exist
[2026-03-10 10:52:23] Erreur getPartenairesActifs: SQLSTATE[42S02]: Base table or view not found: 1146 Table 'gscc.partenaires' doesn't exist
[2026-03-10 10:52:36] Erreur partenaires.php: SQLSTATE[42S02]: Base table or view not found: 1146 Table 'gscc.partenaires' doesn't exist
[2026-03-10 10:52:45] Erreur getSliderImages: SQLSTATE[42S02]: Base table or view not found: 1146 Table 'gscc.slider_accueil' doesn't exist
[2026-03-10 10:52:45] Erreur getPartenairesActifs: SQLSTATE[42S02]: Base table or view not found: 1146 Table 'gscc.partenaires' doesn't exist
[2026-03-10 10:54:24] Erreur getSliderImages: SQLSTATE[42S02]: Base table or view not found: 1146 Table 'gscc.slider_accueil' doesn't exist
[2026-03-10 10:54:24] Erreur getPartenairesActifs: SQLSTATE[42S02]: Base table or view not found: 1146 Table 'gscc.partenaires' doesn't exist
[2026-03-10 13:31:48] Erreur partenaires.php: SQLSTATE[42S02]: Base table or view not found: 1146 Table 'gscc.partenaires' doesn't exist
[2026-03-10 13:33:13] Erreur partenaires.php: SQLSTATE[42S02]: Base table or view not found: 1146 Table 'gscc.partenaires' doesn't exist
[2026-03-10 13:33:18] Erreur partenaires.php: SQLSTATE[42S02]: Base table or view not found: 1146 Table 'gscc.partenaires' doesn't exist
[2026-03-10 13:33:57] Erreur getSliderImages: SQLSTATE[42S02]: Base table or view not found: 1146 Table 'gscc.slider_accueil' doesn't exist
[2026-03-10 13:33:57] Erreur getPartenairesActifs: SQLSTATE[42S02]: Base table or view not found: 1146 Table 'gscc.partenaires' doesn't exist
[2026-03-10 13:34:10] Erreur getSliderImages: SQLSTATE[42S02]: Base table or view not found: 1146 Table 'gscc.slider_accueil' doesn't exist
[2026-03-10 13:34:10] Erreur getPartenairesActifs: SQLSTATE[42S02]: Base table or view not found: 1146 Table 'gscc.partenaires' doesn't exist
[2026-03-10 15:41:33] Erreur partenaires.php: SQLSTATE[42S02]: Base table or view not found: 1146 Table 'gscc.partenaires' doesn't exist
[2026-03-10 15:42:53] Erreur partenaires.php: SQLSTATE[42S02]: Base table or view not found: 1146 Table 'gscc.partenaires' doesn't exist
[2026-03-10 15:56:56] Erreur partenaires.php: SQLSTATE[42S02]: Base table or view not found: 1146 Table 'gscc.partenaires' doesn't exist
[2026-03-10 16:01:00] Erreur partenaires.php: SQLSTATE[42S02]: Base table or view not found: 1146 Table 'gscc.partenaires' doesn't exist
[2026-03-10 16:01:22] Erreur getSliderImages: SQLSTATE[42S02]: Base table or view not found: 1146 Table 'gscc.slider_accueil' doesn't exist
[2026-03-10 16:01:22] Erreur getPartenairesActifs: SQLSTATE[42S02]: Base table or view not found: 1146 Table 'gscc.partenaires' doesn't exist
[2026-03-10 16:04:01] Erreur getSliderImages: SQLSTATE[42S02]: Base table or view not found: 1146 Table 'gscc.slider_accueil' doesn't exist
[2026-03-10 16:04:01] Erreur getPartenairesActifs: SQLSTATE[42S02]: Base table or view not found: 1146 Table 'gscc.partenaires' doesn't exist
[2026-03-10 16:08:54] Erreur getSliderImages: SQLSTATE[42S02]: Base table or view not found: 1146 Table 'gscc.slider_accueil' doesn't exist
[2026-03-10 16:08:54] Erreur getPartenairesActifs: SQLSTATE[42S02]: Base table or view not found: 1146 Table 'gscc.partenaires' doesn't exist
[2026-03-10 16:16:57] Erreur getSliderImages: SQLSTATE[42S02]: Base table or view not found: 1146 Table 'gscc.slider_accueil' doesn't exist
[2026-03-10 16:16:57] Erreur getPartenairesActifs: SQLSTATE[42S02]: Base table or view not found: 1146 Table 'gscc.partenaires' doesn't exist
[2026-03-10 16:27:59] Erreur partenaires.php: SQLSTATE[42S02]: Base table or view not found: 1146 Table 'gscc.partenaires' doesn't exist
[2026-03-10 16:29:30] Erreur getSliderImages: SQLSTATE[42S02]: Base table or view not found: 1146 Table 'gscc.slider_accueil' doesn't exist
[2026-03-10 16:29:30] Erreur getPartenairesActifs: SQLSTATE[42S02]: Base table or view not found: 1146 Table 'gscc.partenaires' doesn't exist
[2026-03-10 17:54:04] Erreur getSliderImages: SQLSTATE[42S02]: Base table or view not found: 1146 Table 'gscc.slider_accueil' doesn't exist
[2026-03-10 17:54:04] Erreur getPartenairesActifs: SQLSTATE[42S02]: Base table or view not found: 1146 Table 'gscc.partenaires' doesn't exist
[2026-03-10 18:06:49] Erreur getSliderImages: SQLSTATE[42S02]: Base table or view not found: 1146 Table 'gscc.slider_accueil' doesn't exist
[2026-03-10 18:06:49] Erreur getPartenairesActifs: SQLSTATE[42S02]: Base table or view not found: 1146 Table 'gscc.partenaires' doesn't exist
[2026-03-10 18:07:39] Erreur partenaires.php: SQLSTATE[42S02]: Base table or view not found: 1146 Table 'gscc.partenaires' doesn't exist
[2026-03-10 18:17:08] Erreur getSliderImages: SQLSTATE[42S02]: Base table or view not found: 1146 Table 'gscc.slider_accueil' doesn't exist
[2026-03-10 18:17:08] Erreur getPartenairesActifs: SQLSTATE[42S02]: Base table or view not found: 1146 Table 'gscc.partenaires' doesn't exist
[2026-03-10 18:32:21] Erreur partenaires.php: SQLSTATE[42S02]: Base table or view not found: 1146 Table 'gscc.partenaires' doesn't exist
[2026-03-10 18:32:27] Erreur partenaires.php: SQLSTATE[42S02]: Base table or view not found: 1146 Table 'gscc.partenaires' doesn't exist
[2026-03-10 18:42:00] Erreur getSliderImages: SQLSTATE[42S02]: Base table or view not found: 1146 Table 'gscc.slider_accueil' doesn't exist
[2026-03-10 18:42:00] Erreur getPartenairesActifs: SQLSTATE[42S02]: Base table or view not found: 1146 Table 'gscc.partenaires' doesn't exist
[2026-03-10 18:43:03] Erreur getSliderImages: SQLSTATE[42S02]: Base table or view not found: 1146 Table 'gscc.slider_accueil' doesn't exist
[2026-03-10 18:43:03] Erreur getPartenairesActifs: SQLSTATE[42S02]: Base table or view not found: 1146 Table 'gscc.partenaires' doesn't exist
[2026-03-10 18:45:34] Erreur getSliderImages: SQLSTATE[42S02]: Base table or view not found: 1146 Table 'gscc.slider_accueil' doesn't exist
[2026-03-10 18:45:34] Erreur getPartenairesActifs: SQLSTATE[42S02]: Base table or view not found: 1146 Table 'gscc.partenaires' doesn't exist
[2026-03-10 18:46:30] Erreur getSliderImages: SQLSTATE[42S02]: Base table or view not found: 1146 Table 'gscc.slider_accueil' doesn't exist
[2026-03-10 18:46:30] Erreur getPartenairesActifs: SQLSTATE[42S02]: Base table or view not found: 1146 Table 'gscc.partenaires' doesn't exist
[2026-03-10 19:14:42] Erreur getSliderImages: SQLSTATE[42S02]: Base table or view not found: 1146 Table 'gscc.slider_accueil' doesn't exist
[2026-03-10 19:14:42] Erreur getPartenairesActifs: SQLSTATE[42S02]: Base table or view not found: 1146 Table 'gscc.partenaires' doesn't exist
[2026-03-10 20:40:32] Erreur getSliderImages: SQLSTATE[42S02]: Base table or view not found: 1146 Table 'gscc.slider_accueil' doesn't exist
[2026-03-10 20:40:32] Erreur getPartenairesActifs: SQLSTATE[42S02]: Base table or view not found: 1146 Table 'gscc.partenaires' doesn't exist
[2026-03-10 21:52:01] Erreur partenaires.php: SQLSTATE[42S02]: Base table or view not found: 1146 Table 'gscc.partenaires' doesn't exist
[2026-03-10 21:52:16] Erreur getSliderImages: SQLSTATE[42S02]: Base table or view not found: 1146 Table 'gscc.slider_accueil' doesn't exist
[2026-03-10 21:52:16] Erreur getPartenairesActifs: SQLSTATE[42S02]: Base table or view not found: 1146 Table 'gscc.partenaires' doesn't exist
[2026-03-10 22:31:47] Erreur getSliderImages: SQLSTATE[42S02]: Base table or view not found: 1146 Table 'gscc.slider_accueil' doesn't exist
[2026-03-10 22:31:48] Erreur getPartenairesActifs: SQLSTATE[42S02]: Base table or view not found: 1146 Table 'gscc.partenaires' doesn't exist
[2026-03-10 22:35:54] Erreur partenaires.php: SQLSTATE[42S02]: Base table or view not found: 1146 Table 'gscc.partenaires' doesn't exist
[2026-03-10 22:40:17] Erreur getSliderImages: SQLSTATE[42S02]: Base table or view not found: 1146 Table 'gscc.slider_accueil' doesn't exist
[2026-03-10 22:40:17] Erreur getPartenairesActifs: SQLSTATE[42S02]: Base table or view not found: 1146 Table 'gscc.partenaires' doesn't exist
[2026-03-10 22:50:23] Erreur getSliderImages: SQLSTATE[42S02]: Base table or view not found: 1146 Table 'gscc.slider_accueil' doesn't exist
[2026-03-10 22:50:23] Erreur getPartenairesActifs: SQLSTATE[42S02]: Base table or view not found: 1146 Table 'gscc.partenaires' doesn't exist
[2026-03-11 00:43:53] Erreur getSliderImages: SQLSTATE[42S02]: Base table or view not found: 1146 Table 'gscc.slider_accueil' doesn't exist
[2026-03-11 00:43:53] Erreur getPartenairesActifs: SQLSTATE[42S02]: Base table or view not found: 1146 Table 'gscc.partenaires' doesn't exist
[2026-03-11 09:10:01] Erreur getSliderImages: SQLSTATE[42S02]: Base table or view not found: 1146 Table 'gscc.slider_accueil' doesn't exist
[2026-03-11 09:10:01] Erreur getPartenairesActifs: SQLSTATE[42S02]: Base table or view not found: 1146 Table 'gscc.partenaires' doesn't exist
[2026-03-11 09:11:02] Erreur getSliderImages: SQLSTATE[42S02]: Base table or view not found: 1146 Table 'gscc.slider_accueil' doesn't exist
[2026-03-11 09:11:02] Erreur getPartenairesActifs: SQLSTATE[42S02]: Base table or view not found: 1146 Table 'gscc.partenaires' doesn't exist
[2026-03-11 09:11:15] Erreur getSliderImages: SQLSTATE[42S02]: Base table or view not found: 1146 Table 'gscc.slider_accueil' doesn't exist
[2026-03-11 09:11:15] Erreur getPartenairesActifs: SQLSTATE[42S02]: Base table or view not found: 1146 Table 'gscc.partenaires' doesn't exist
[2026-03-11 09:11:50] Erreur getSliderImages: SQLSTATE[42S02]: Base table or view not found: 1146 Table 'gscc.slider_accueil' doesn't exist
[2026-03-11 09:11:50] Erreur getPartenairesActifs: SQLSTATE[42S02]: Base table or view not found: 1146 Table 'gscc.partenaires' doesn't exist
[2026-03-11 09:13:11] Erreur partenaires.php: SQLSTATE[42S02]: Base table or view not found: 1146 Table 'gscc.partenaires' doesn't exist
[2026-03-11 09:13:18] Erreur getSliderImages: SQLSTATE[42S02]: Base table or view not found: 1146 Table 'gscc.slider_accueil' doesn't exist
[2026-03-11 09:13:18] Erreur getPartenairesActifs: SQLSTATE[42S02]: Base table or view not found: 1146 Table 'gscc.partenaires' doesn't exist
[2026-03-11 09:23:58] Erreur getSliderImages: SQLSTATE[42S02]: Base table or view not found: 1146 Table 'gscc.slider_accueil' doesn't exist
[2026-03-11 09:23:58] Erreur getPartenairesActifs: SQLSTATE[42S02]: Base table or view not found: 1146 Table 'gscc.partenaires' doesn't exist
[2026-03-11 09:24:28] Erreur getSliderImages: SQLSTATE[42S02]: Base table or view not found: 1146 Table 'gscc.slider_accueil' doesn't exist
[2026-03-11 09:24:28] Erreur getPartenairesActifs: SQLSTATE[42S02]: Base table or view not found: 1146 Table 'gscc.partenaires' doesn't exist
[2026-03-11 09:33:49] Erreur getSliderImages: SQLSTATE[42S02]: Base table or view not found: 1146 Table 'gscc.slider_accueil' doesn't exist
[2026-03-11 09:33:49] Erreur getPartenairesActifs: SQLSTATE[42S02]: Base table or view not found: 1146 Table 'gscc.partenaires' doesn't exist
[2026-03-11 09:35:17] Erreur getSliderImages: SQLSTATE[42S02]: Base table or view not found: 1146 Table 'gscc.slider_accueil' doesn't exist
[2026-03-11 09:35:17] Erreur getPartenairesActifs: SQLSTATE[42S02]: Base table or view not found: 1146 Table 'gscc.partenaires' doesn't exist
[2026-03-11 09:35:36] Erreur partenaires.php: SQLSTATE[42S02]: Base table or view not found: 1146 Table 'gscc.partenaires' doesn't exist
[2026-03-11 09:36:06] Erreur getSliderImages: SQLSTATE[42S02]: Base table or view not found: 1146 Table 'gscc.slider_accueil' doesn't exist
[2026-03-11 09:36:06] Erreur getPartenairesActifs: SQLSTATE[42S02]: Base table or view not found: 1146 Table 'gscc.partenaires' doesn't exist
[2026-03-11 09:38:03] Erreur getSliderImages: SQLSTATE[42S02]: Base table or view not found: 1146 Table 'gscc.slider_accueil' doesn't exist
[2026-03-11 09:38:03] Erreur getPartenairesActifs: SQLSTATE[42S02]: Base table or view not found: 1146 Table 'gscc.partenaires' doesn't exist
[2026-03-11 09:40:05] Erreur getSliderImages: SQLSTATE[42S02]: Base table or view not found: 1146 Table 'gscc.slider_accueil' doesn't exist
[2026-03-11 09:40:05] Erreur getPartenairesActifs: SQLSTATE[42S02]: Base table or view not found: 1146 Table 'gscc.partenaires' doesn't exist
[2026-03-11 09:40:24] Erreur getSliderImages: SQLSTATE[42S02]: Base table or view not found: 1146 Table 'gscc.slider_accueil' doesn't exist
[2026-03-11 09:40:24] Erreur getPartenairesActifs: SQLSTATE[42S02]: Base table or view not found: 1146 Table 'gscc.partenaires' doesn't exist
[2026-03-11 09:40:45] Erreur getSliderImages: SQLSTATE[42S02]: Base table or view not found: 1146 Table 'gscc.slider_accueil' doesn't exist
[2026-03-11 09:40:45] Erreur getPartenairesActifs: SQLSTATE[42S02]: Base table or view not found: 1146 Table 'gscc.partenaires' doesn't exist
[2026-03-11 09:42:36] Erreur partenaires.php: SQLSTATE[42S02]: Base table or view not found: 1146 Table 'gscc.partenaires' doesn't exist
[2026-03-11 09:42:55] Erreur getSliderImages: SQLSTATE[42S02]: Base table or view not found: 1146 Table 'gscc.slider_accueil' doesn't exist
[2026-03-11 09:42:55] Erreur getPartenairesActifs: SQLSTATE[42S02]: Base table or view not found: 1146 Table 'gscc.partenaires' doesn't exist
[2026-03-11 09:48:00] Erreur partenaires.php: SQLSTATE[42S02]: Base table or view not found: 1146 Table 'gscc.partenaires' doesn't exist
[2026-03-11 09:52:24] Erreur partenaires.php: SQLSTATE[42S02]: Base table or view not found: 1146 Table 'gscc.partenaires' doesn't exist
[2026-03-11 09:56:14] Erreur partenaires.php: SQLSTATE[42S02]: Base table or view not found: 1146 Table 'gscc.partenaires' doesn't exist
[2026-03-11 09:57:14] Erreur getSliderImages: SQLSTATE[42S02]: Base table or view not found: 1146 Table 'gscc.slider_accueil' doesn't exist
[2026-03-11 09:57:14] Erreur getPartenairesActifs: SQLSTATE[42S02]: Base table or view not found: 1146 Table 'gscc.partenaires' doesn't exist
[2026-03-11 10:01:26] Erreur getSliderImages: SQLSTATE[42S02]: Base table or view not found: 1146 Table 'gscc.slider_accueil' doesn't exist
[2026-03-11 10:01:26] Erreur getPartenairesActifs: SQLSTATE[42S02]: Base table or view not found: 1146 Table 'gscc.partenaires' doesn't exist
[2026-03-11 10:17:00] Erreur getSliderImages: SQLSTATE[42S02]: Base table or view not found: 1146 Table 'gscc.slider_accueil' doesn't exist
[2026-03-11 10:17:00] Erreur getPartenairesActifs: SQLSTATE[42S02]: Base table or view not found: 1146 Table 'gscc.partenaires' doesn't exist
[2026-03-11 10:51:36] Erreur partenaires.php: SQLSTATE[42S02]: Base table or view not found: 1146 Table 'gscc.partenaires' doesn't exist
[2026-03-11 10:59:31] Erreur getSliderImages: SQLSTATE[42S02]: Base table or view not found: 1146 Table 'gscc.slider_accueil' doesn't exist
[2026-03-11 10:59:31] Erreur getPartenairesActifs: SQLSTATE[42S02]: Base table or view not found: 1146 Table 'gscc.partenaires' doesn't exist
[2026-03-11 11:16:33] Erreur getSliderImages: SQLSTATE[42S02]: Base table or view not found: 1146 Table 'gscc.slider_accueil' doesn't exist
[2026-03-11 11:16:33] Erreur getPartenairesActifs: SQLSTATE[42S02]: Base table or view not found: 1146 Table 'gscc.partenaires' doesn't exist
[2026-03-11 11:33:34] Erreur getSliderImages: SQLSTATE[42S02]: Base table or view not found: 1146 Table 'gscc.slider_accueil' doesn't exist
[2026-03-11 11:33:34] Erreur getPartenairesActifs: SQLSTATE[42S02]: Base table or view not found: 1146 Table 'gscc.partenaires' doesn't exist
[2026-03-11 11:34:44] Erreur getSliderImages: SQLSTATE[42S02]: Base table or view not found: 1146 Table 'gscc.slider_accueil' doesn't exist
[2026-03-11 11:34:44] Erreur getPartenairesActifs: SQLSTATE[42S02]: Base table or view not found: 1146 Table 'gscc.partenaires' doesn't exist
[2026-03-11 11:34:46] Erreur getSliderImages: SQLSTATE[42S02]: Base table or view not found: 1146 Table 'gscc.slider_accueil' doesn't exist
[2026-03-11 11:34:46] Erreur getPartenairesActifs: SQLSTATE[42S02]: Base table or view not found: 1146 Table 'gscc.partenaires' doesn't exist
[2026-03-11 11:35:03] Erreur getSliderImages: SQLSTATE[42S02]: Base table or view not found: 1146 Table 'gscc.slider_accueil' doesn't exist
[2026-03-11 11:35:03] Erreur getPartenairesActifs: SQLSTATE[42S02]: Base table or view not found: 1146 Table 'gscc.partenaires' doesn't exist
[2026-03-11 11:46:27] Erreur getSliderImages: SQLSTATE[42S02]: Base table or view not found: 1146 Table 'gscc.slider_accueil' doesn't exist
[2026-03-11 11:46:27] Erreur getPartenairesActifs: SQLSTATE[42S02]: Base table or view not found: 1146 Table 'gscc.partenaires' doesn't exist
[2026-03-11 11:47:25] Erreur getSliderImages: SQLSTATE[42S02]: Base table or view not found: 1146 Table 'gscc.slider_accueil' doesn't exist
[2026-03-11 11:47:25] Erreur getPartenairesActifs: SQLSTATE[42S02]: Base table or view not found: 1146 Table 'gscc.partenaires' doesn't exist
[2026-03-11 11:49:01] Erreur getSliderImages: SQLSTATE[42S02]: Base table or view not found: 1146 Table 'gscc.slider_accueil' doesn't exist
[2026-03-11 11:49:01] Erreur getPartenairesActifs: SQLSTATE[42S02]: Base table or view not found: 1146 Table 'gscc.partenaires' doesn't exist
[2026-03-11 11:49:59] Erreur getSliderImages: SQLSTATE[42S02]: Base table or view not found: 1146 Table 'gscc.slider_accueil' doesn't exist
[2026-03-11 11:49:59] Erreur getPartenairesActifs: SQLSTATE[42S02]: Base table or view not found: 1146 Table 'gscc.partenaires' doesn't exist
[2026-03-11 12:07:42] Erreur getSliderImages: SQLSTATE[42S02]: Base table or view not found: 1146 Table 'gscc.slider_accueil' doesn't exist
[2026-03-11 12:07:42] Erreur getPartenairesActifs: SQLSTATE[42S02]: Base table or view not found: 1146 Table 'gscc.partenaires' doesn't exist
[2026-03-11 12:16:24] Erreur getSliderImages: SQLSTATE[42S02]: Base table or view not found: 1146 Table 'gscc.slider_accueil' doesn't exist
[2026-03-11 12:16:24] Erreur getPartenairesActifs: SQLSTATE[42S02]: Base table or view not found: 1146 Table 'gscc.partenaires' doesn't exist
[2026-03-11 12:18:10] Erreur getSliderImages: SQLSTATE[42S02]: Base table or view not found: 1146 Table 'gscc.slider_accueil' doesn't exist
[2026-03-11 12:18:10] Erreur getPartenairesActifs: SQLSTATE[42S02]: Base table or view not found: 1146 Table 'gscc.partenaires' doesn't exist
[2026-03-11 12:20:13] Erreur getSliderImages: SQLSTATE[42S02]: Base table or view not found: 1146 Table 'gscc.slider_accueil' doesn't exist
[2026-03-11 12:20:13] Erreur getPartenairesActifs: SQLSTATE[42S02]: Base table or view not found: 1146 Table 'gscc.partenaires' doesn't exist
[2026-03-11 12:23:31] Erreur getSliderImages: SQLSTATE[42S02]: Base table or view not found: 1146 Table 'gscc.slider_accueil' doesn't exist
[2026-03-11 12:23:31] Erreur getPartenairesActifs: SQLSTATE[42S02]: Base table or view not found: 1146 Table 'gscc.partenaires' doesn't exist
[2026-03-11 12:33:11] Erreur getSliderImages: SQLSTATE[42S02]: Base table or view not found: 1146 Table 'gscc.slider_accueil' doesn't exist
[2026-03-11 12:33:11] Erreur getPartenairesActifs: SQLSTATE[42S02]: Base table or view not found: 1146 Table 'gscc.partenaires' doesn't exist
[2026-03-11 12:34:07] Erreur getSliderImages: SQLSTATE[42S02]: Base table or view not found: 1146 Table 'gscc.slider_accueil' doesn't exist
[2026-03-11 12:34:07] Erreur getPartenairesActifs: SQLSTATE[42S02]: Base table or view not found: 1146 Table 'gscc.partenaires' doesn't exist
[2026-03-11 12:35:16] Erreur partenaires.php: SQLSTATE[42S02]: Base table or view not found: 1146 Table 'gscc.partenaires' doesn't exist
[2026-03-11 12:35:36] Erreur getSliderImages: SQLSTATE[42S02]: Base table or view not found: 1146 Table 'gscc.slider_accueil' doesn't exist
[2026-03-11 12:35:36] Erreur getPartenairesActifs: SQLSTATE[42S02]: Base table or view not found: 1146 Table 'gscc.partenaires' doesn't exist
[2026-03-11 12:38:09] Erreur partenaires.php: SQLSTATE[42S02]: Base table or view not found: 1146 Table 'gscc.partenaires' doesn't exist
[2026-03-11 12:38:15] Erreur getSliderImages: SQLSTATE[42S02]: Base table or view not found: 1146 Table 'gscc.slider_accueil' doesn't exist
[2026-03-11 12:38:15] Erreur getPartenairesActifs: SQLSTATE[42S02]: Base table or view not found: 1146 Table 'gscc.partenaires' doesn't exist
[2026-03-11 12:44:05] Erreur getSliderImages: SQLSTATE[42S02]: Base table or view not found: 1146 Table 'gscc.slider_accueil' doesn't exist
[2026-03-11 12:44:05] Erreur getPartenairesActifs: SQLSTATE[42S02]: Base table or view not found: 1146 Table 'gscc.partenaires' doesn't exist
[2026-03-11 12:45:59] Erreur getSliderImages: SQLSTATE[42S02]: Base table or view not found: 1146 Table 'gscc.slider_accueil' doesn't exist
[2026-03-11 12:45:59] Erreur getPartenairesActifs: SQLSTATE[42S02]: Base table or view not found: 1146 Table 'gscc.partenaires' doesn't exist
[2026-03-11 12:46:27] Erreur getSliderImages: SQLSTATE[42S02]: Base table or view not found: 1146 Table 'gscc.slider_accueil' doesn't exist
[2026-03-11 12:46:27] Erreur getPartenairesActifs: SQLSTATE[42S02]: Base table or view not found: 1146 Table 'gscc.partenaires' doesn't exist
[2026-03-11 12:47:04] Erreur getSliderImages: SQLSTATE[42S02]: Base table or view not found: 1146 Table 'gscc.slider_accueil' doesn't exist
[2026-03-11 12:47:04] Erreur getPartenairesActifs: SQLSTATE[42S02]: Base table or view not found: 1146 Table 'gscc.partenaires' doesn't exist
[2026-03-11 12:47:47] Erreur getSliderImages: SQLSTATE[42S02]: Base table or view not found: 1146 Table 'gscc.slider_accueil' doesn't exist
[2026-03-11 12:47:47] Erreur getPartenairesActifs: SQLSTATE[42S02]: Base table or view not found: 1146 Table 'gscc.partenaires' doesn't exist
[2026-03-11 12:49:55] Erreur getSliderImages: SQLSTATE[42S02]: Base table or view not found: 1146 Table 'gscc.slider_accueil' doesn't exist
[2026-03-11 12:49:55] Erreur getPartenairesActifs: SQLSTATE[42S02]: Base table or view not found: 1146 Table 'gscc.partenaires' doesn't exist
[2026-03-11 12:50:01] Erreur getSliderImages: SQLSTATE[42S02]: Base table or view not found: 1146 Table 'gscc.slider_accueil' doesn't exist
[2026-03-11 12:50:01] Erreur getPartenairesActifs: SQLSTATE[42S02]: Base table or view not found: 1146 Table 'gscc.partenaires' doesn't exist
[2026-03-11 12:50:21] Erreur getSliderImages: SQLSTATE[42S02]: Base table or view not found: 1146 Table 'gscc.slider_accueil' doesn't exist
[2026-03-11 12:50:21] Erreur getPartenairesActifs: SQLSTATE[42S02]: Base table or view not found: 1146 Table 'gscc.partenaires' doesn't exist
[2026-03-11 12:53:55] Erreur getSliderImages: SQLSTATE[42S02]: Base table or view not found: 1146 Table 'gscc.slider_accueil' doesn't exist
[2026-03-11 12:53:55] Erreur getPartenairesActifs: SQLSTATE[42S02]: Base table or view not found: 1146 Table 'gscc.partenaires' doesn't exist
[2026-03-11 12:54:28] Erreur getSliderImages: SQLSTATE[42S02]: Base table or view not found: 1146 Table 'gscc.slider_accueil' doesn't exist
[2026-03-11 12:54:28] Erreur getPartenairesActifs: SQLSTATE[42S02]: Base table or view not found: 1146 Table 'gscc.partenaires' doesn't exist
[2026-03-11 12:55:44] Erreur getSliderImages: SQLSTATE[42S02]: Base table or view not found: 1146 Table 'gscc.slider_accueil' doesn't exist
[2026-03-11 12:55:44] Erreur getPartenairesActifs: SQLSTATE[42S02]: Base table or view not found: 1146 Table 'gscc.partenaires' doesn't exist
[2026-03-11 12:56:44] Erreur getSliderImages: SQLSTATE[42S02]: Base table or view not found: 1146 Table 'gscc.slider_accueil' doesn't exist
[2026-03-11 12:56:44] Erreur getPartenairesActifs: SQLSTATE[42S02]: Base table or view not found: 1146 Table 'gscc.partenaires' doesn't exist
[2026-03-11 12:58:28] Erreur getSliderImages: SQLSTATE[42S02]: Base table or view not found: 1146 Table 'gscc.slider_accueil' doesn't exist
[2026-03-11 12:58:28] Erreur getPartenairesActifs: SQLSTATE[42S02]: Base table or view not found: 1146 Table 'gscc.partenaires' doesn't exist
[2026-03-11 13:02:18] Erreur getSliderImages: SQLSTATE[42S02]: Base table or view not found: 1146 Table 'gscc.slider_accueil' doesn't exist
[2026-03-11 13:02:18] Erreur getPartenairesActifs: SQLSTATE[42S02]: Base table or view not found: 1146 Table 'gscc.partenaires' doesn't exist
[2026-03-11 13:05:30] Erreur getSliderImages: SQLSTATE[42S02]: Base table or view not found: 1146 Table 'gscc.slider_accueil' doesn't exist
[2026-03-11 13:05:30] Erreur getPartenairesActifs: SQLSTATE[42S02]: Base table or view not found: 1146 Table 'gscc.partenaires' doesn't exist
[2026-03-11 13:06:52] Erreur getSliderImages: SQLSTATE[42S02]: Base table or view not found: 1146 Table 'gscc.slider_accueil' doesn't exist
[2026-03-11 13:06:52] Erreur getPartenairesActifs: SQLSTATE[42S02]: Base table or view not found: 1146 Table 'gscc.partenaires' doesn't exist
[2026-03-11 13:07:53] Erreur getSliderImages: SQLSTATE[42S02]: Base table or view not found: 1146 Table 'gscc.slider_accueil' doesn't exist
[2026-03-11 13:07:53] Erreur getPartenairesActifs: SQLSTATE[42S02]: Base table or view not found: 1146 Table 'gscc.partenaires' doesn't exist
[2026-03-11 13:08:43] Erreur getSliderImages: SQLSTATE[42S02]: Base table or view not found: 1146 Table 'gscc.slider_accueil' doesn't exist
[2026-03-11 13:08:43] Erreur getPartenairesActifs: SQLSTATE[42S02]: Base table or view not found: 1146 Table 'gscc.partenaires' doesn't exist
[2026-03-11 13:25:39] Erreur getSliderImages: SQLSTATE[42S02]: Base table or view not found: 1146 Table 'gscc.slider_accueil' doesn't exist
[2026-03-11 13:25:39] Erreur getPartenairesActifs: SQLSTATE[42S02]: Base table or view not found: 1146 Table 'gscc.partenaires' doesn't exist
[2026-03-11 13:26:49] Erreur getSliderImages: SQLSTATE[42S02]: Base table or view not found: 1146 Table 'gscc.slider_accueil' doesn't exist
[2026-03-11 13:26:49] Erreur getPartenairesActifs: SQLSTATE[42S02]: Base table or view not found: 1146 Table 'gscc.partenaires' doesn't exist
[2026-03-11 13:28:20] Erreur getSliderImages: SQLSTATE[42S02]: Base table or view not found: 1146 Table 'gscc.slider_accueil' doesn't exist
[2026-03-11 13:28:20] Erreur getPartenairesActifs: SQLSTATE[42S02]: Base table or view not found: 1146 Table 'gscc.partenaires' doesn't exist
[2026-03-11 13:29:11] Erreur getSliderImages: SQLSTATE[42S02]: Base table or view not found: 1146 Table 'gscc.slider_accueil' doesn't exist
[2026-03-11 13:29:11] Erreur getPartenairesActifs: SQLSTATE[42S02]: Base table or view not found: 1146 Table 'gscc.partenaires' doesn't exist
[2026-03-11 13:32:12] Erreur getSliderImages: SQLSTATE[42S02]: Base table or view not found: 1146 Table 'gscc.slider_accueil' doesn't exist
[2026-03-11 13:32:12] Erreur getPartenairesActifs: SQLSTATE[42S02]: Base table or view not found: 1146 Table 'gscc.partenaires' doesn't exist
[2026-03-11 13:33:54] Erreur getSliderImages: SQLSTATE[42S02]: Base table or view not found: 1146 Table 'gscc.slider_accueil' doesn't exist
[2026-03-11 13:33:54] Erreur getPartenairesActifs: SQLSTATE[42S02]: Base table or view not found: 1146 Table 'gscc.partenaires' doesn't exist
[2026-03-11 13:33:58] Erreur getSliderImages: SQLSTATE[42S02]: Base table or view not found: 1146 Table 'gscc.slider_accueil' doesn't exist
[2026-03-11 13:33:58] Erreur getPartenairesActifs: SQLSTATE[42S02]: Base table or view not found: 1146 Table 'gscc.partenaires' doesn't exist
[2026-03-11 13:34:06] Erreur getSliderImages: SQLSTATE[42S02]: Base table or view not found: 1146 Table 'gscc.slider_accueil' doesn't exist
[2026-03-11 13:34:06] Erreur getPartenairesActifs: SQLSTATE[42S02]: Base table or view not found: 1146 Table 'gscc.partenaires' doesn't exist
[2026-03-11 13:37:59] Erreur getSliderImages: SQLSTATE[42S02]: Base table or view not found: 1146 Table 'gscc.slider_accueil' doesn't exist
[2026-03-11 13:37:59] Erreur getPartenairesActifs: SQLSTATE[42S02]: Base table or view not found: 1146 Table 'gscc.partenaires' doesn't exist
[2026-03-11 13:39:57] Erreur getSliderImages: SQLSTATE[42S02]: Base table or view not found: 1146 Table 'gscc.slider_accueil' doesn't exist
[2026-03-11 13:39:57] Erreur getPartenairesActifs: SQLSTATE[42S02]: Base table or view not found: 1146 Table 'gscc.partenaires' doesn't exist
[2026-03-11 13:40:25] Erreur getSliderImages: SQLSTATE[42S02]: Base table or view not found: 1146 Table 'gscc.slider_accueil' doesn't exist
[2026-03-11 13:40:25] Erreur getPartenairesActifs: SQLSTATE[42S02]: Base table or view not found: 1146 Table 'gscc.partenaires' doesn't exist
[2026-03-11 13:42:12] Erreur getSliderImages: SQLSTATE[42S02]: Base table or view not found: 1146 Table 'gscc.slider_accueil' doesn't exist
[2026-03-11 13:42:12] Erreur getPartenairesActifs: SQLSTATE[42S02]: Base table or view not found: 1146 Table 'gscc.partenaires' doesn't exist
[2026-03-11 13:44:55] Erreur getSliderImages: SQLSTATE[42S02]: Base table or view not found: 1146 Table 'gscc.slider_accueil' doesn't exist
[2026-03-11 13:44:55] Erreur getPartenairesActifs: SQLSTATE[42S02]: Base table or view not found: 1146 Table 'gscc.partenaires' doesn't exist
[2026-03-11 13:45:19] Erreur getSliderImages: SQLSTATE[42S02]: Base table or view not found: 1146 Table 'gscc.slider_accueil' doesn't exist
[2026-03-11 13:45:19] Erreur getPartenairesActifs: SQLSTATE[42S02]: Base table or view not found: 1146 Table 'gscc.partenaires' doesn't exist
[2026-03-11 13:46:38] Erreur getSliderImages: SQLSTATE[42S02]: Base table or view not found: 1146 Table 'gscc.slider_accueil' doesn't exist
[2026-03-11 13:46:38] Erreur getPartenairesActifs: SQLSTATE[42S02]: Base table or view not found: 1146 Table 'gscc.partenaires' doesn't exist
[2026-03-11 13:54:56] Erreur getSliderImages: SQLSTATE[42S02]: Base table or view not found: 1146 Table 'gscc.slider_accueil' doesn't exist
[2026-03-11 13:54:56] Erreur getPartenairesActifs: SQLSTATE[42S02]: Base table or view not found: 1146 Table 'gscc.partenaires' doesn't exist
[2026-03-11 13:55:36] Erreur getSliderImages: SQLSTATE[42S02]: Base table or view not found: 1146 Table 'gscc.slider_accueil' doesn't exist
[2026-03-11 13:55:36] Erreur getPartenairesActifs: SQLSTATE[42S02]: Base table or view not found: 1146 Table 'gscc.partenaires' doesn't exist
[2026-03-11 13:58:49] Erreur getSliderImages: SQLSTATE[42S02]: Base table or view not found: 1146 Table 'gscc.slider_accueil' doesn't exist
[2026-03-11 13:58:49] Erreur getPartenairesActifs: SQLSTATE[42S02]: Base table or view not found: 1146 Table 'gscc.partenaires' doesn't exist
[2026-03-11 13:58:58] Erreur getSliderImages: SQLSTATE[42S02]: Base table or view not found: 1146 Table 'gscc.slider_accueil' doesn't exist
[2026-03-11 13:58:58] Erreur getPartenairesActifs: SQLSTATE[42S02]: Base table or view not found: 1146 Table 'gscc.partenaires' doesn't exist
[2026-03-11 13:59:59] Erreur getSliderImages: SQLSTATE[42S02]: Base table or view not found: 1146 Table 'gscc.slider_accueil' doesn't exist
[2026-03-11 13:59:59] Erreur getPartenairesActifs: SQLSTATE[42S02]: Base table or view not found: 1146 Table 'gscc.partenaires' doesn't exist
[2026-03-11 14:03:36] Erreur getSliderImages: SQLSTATE[42S02]: Base table or view not found: 1146 Table 'gscc.slider_accueil' doesn't exist
[2026-03-11 14:03:36] Erreur getPartenairesActifs: SQLSTATE[42S02]: Base table or view not found: 1146 Table 'gscc.partenaires' doesn't exist
[2026-03-11 19:47:04] Erreur getSliderImages: SQLSTATE[42S02]: Base table or view not found: 1146 Table 'gscc.slider_accueil' doesn't exist
[2026-03-11 19:47:04] Erreur getPartenairesActifs: SQLSTATE[42S02]: Base table or view not found: 1146 Table 'gscc.partenaires' doesn't exist
[2026-03-11 19:51:54] Erreur getSliderImages: SQLSTATE[42S02]: Base table or view not found: 1146 Table 'gscc.slider_accueil' doesn't exist
[2026-03-11 19:51:54] Erreur getPartenairesActifs: SQLSTATE[42S02]: Base table or view not found: 1146 Table 'gscc.partenaires' doesn't exist
[2026-03-11 20:49:17] Erreur getSliderImages: SQLSTATE[42S02]: Base table or view not found: 1146 Table 'gscc.slider_accueil' doesn't exist
[2026-03-11 20:49:17] Erreur getPartenairesActifs: SQLSTATE[42S02]: Base table or view not found: 1146 Table 'gscc.partenaires' doesn't exist
[2026-03-11 20:49:25] Erreur getSliderImages: SQLSTATE[42S02]: Base table or view not found: 1146 Table 'gscc.slider_accueil' doesn't exist
[2026-03-11 20:49:25] Erreur getPartenairesActifs: SQLSTATE[42S02]: Base table or view not found: 1146 Table 'gscc.partenaires' doesn't exist
[2026-03-11 20:52:19] Erreur getSliderImages: SQLSTATE[42S02]: Base table or view not found: 1146 Table 'gscc.slider_accueil' doesn't exist
[2026-03-11 20:52:19] Erreur getPartenairesActifs: SQLSTATE[42S02]: Base table or view not found: 1146 Table 'gscc.partenaires' doesn't exist
[2026-03-11 20:54:47] Erreur getSliderImages: SQLSTATE[42S02]: Base table or view not found: 1146 Table 'gscc.slider_accueil' doesn't exist
[2026-03-11 20:54:47] Erreur getPartenairesActifs: SQLSTATE[42S02]: Base table or view not found: 1146 Table 'gscc.partenaires' doesn't exist
[2026-03-11 20:54:53] Erreur getSliderImages: SQLSTATE[42S02]: Base table or view not found: 1146 Table 'gscc.slider_accueil' doesn't exist
[2026-03-11 20:54:53] Erreur getPartenairesActifs: SQLSTATE[42S02]: Base table or view not found: 1146 Table 'gscc.partenaires' doesn't exist
[2026-03-11 20:55:20] Erreur getSliderImages: SQLSTATE[42S02]: Base table or view not found: 1146 Table 'gscc.slider_accueil' doesn't exist
[2026-03-11 20:55:20] Erreur getPartenairesActifs: SQLSTATE[42S02]: Base table or view not found: 1146 Table 'gscc.partenaires' doesn't exist
[2026-03-11 20:59:01] Erreur getSliderImages: SQLSTATE[42S02]: Base table or view not found: 1146 Table 'gscc.slider_accueil' doesn't exist
[2026-03-11 20:59:01] Erreur getPartenairesActifs: SQLSTATE[42S02]: Base table or view not found: 1146 Table 'gscc.partenaires' doesn't exist
[2026-03-11 21:04:20] Erreur getSliderImages: SQLSTATE[42S02]: Base table or view not found: 1146 Table 'gscc.slider_accueil' doesn't exist
[2026-03-11 21:04:20] Erreur getPartenairesActifs: SQLSTATE[42S02]: Base table or view not found: 1146 Table 'gscc.partenaires' doesn't exist
[2026-03-11 21:04:31] Erreur getSliderImages: SQLSTATE[42S02]: Base table or view not found: 1146 Table 'gscc.slider_accueil' doesn't exist
[2026-03-11 21:04:31] Erreur getPartenairesActifs: SQLSTATE[42S02]: Base table or view not found: 1146 Table 'gscc.partenaires' doesn't exist
[2026-03-11 21:08:16] Erreur getSliderImages: SQLSTATE[42S02]: Base table or view not found: 1146 Table 'gscc.slider_accueil' doesn't exist
[2026-03-11 21:08:16] Erreur getPartenairesActifs: SQLSTATE[42S02]: Base table or view not found: 1146 Table 'gscc.partenaires' doesn't exist
[2026-03-11 21:11:18] Erreur getSliderImages: SQLSTATE[42S02]: Base table or view not found: 1146 Table 'gscc.slider_accueil' doesn't exist
[2026-03-11 21:11:18] Erreur getPartenairesActifs: SQLSTATE[42S02]: Base table or view not found: 1146 Table 'gscc.partenaires' doesn't exist
[2026-03-11 21:18:34] Erreur getSliderImages: SQLSTATE[42S02]: Base table or view not found: 1146 Table 'gscc.slider_accueil' doesn't exist
[2026-03-11 21:18:34] Erreur getPartenairesActifs: SQLSTATE[42S02]: Base table or view not found: 1146 Table 'gscc.partenaires' doesn't exist
[2026-03-11 21:25:55] Erreur getSliderImages: SQLSTATE[42S02]: Base table or view not found: 1146 Table 'gscc.slider_accueil' doesn't exist
[2026-03-11 21:25:55] Erreur getPartenairesActifs: SQLSTATE[42S02]: Base table or view not found: 1146 Table 'gscc.partenaires' doesn't exist
[2026-03-11 21:42:18] Erreur getSliderImages: SQLSTATE[42S02]: Base table or view not found: 1146 Table 'gscc.slider_accueil' doesn't exist
[2026-03-11 21:42:18] Erreur getPartenairesActifs: SQLSTATE[42S02]: Base table or view not found: 1146 Table 'gscc.partenaires' doesn't exist
[2026-03-11 21:42:29] Erreur getSliderImages: SQLSTATE[42S02]: Base table or view not found: 1146 Table 'gscc.slider_accueil' doesn't exist
[2026-03-11 21:42:29] Erreur getPartenairesActifs: SQLSTATE[42S02]: Base table or view not found: 1146 Table 'gscc.partenaires' doesn't exist
[2026-03-11 21:59:25] Erreur getSliderImages: SQLSTATE[42S02]: Base table or view not found: 1146 Table 'gscc.slider_accueil' doesn't exist
[2026-03-11 21:59:25] Erreur getPartenairesActifs: SQLSTATE[42S02]: Base table or view not found: 1146 Table 'gscc.partenaires' doesn't exist
[2026-03-11 22:32:27] Erreur getSliderImages: SQLSTATE[42S02]: Base table or view not found: 1146 Table 'gscc.slider_accueil' doesn't exist
[2026-03-11 22:32:27] Erreur getPartenairesActifs: SQLSTATE[42S02]: Base table or view not found: 1146 Table 'gscc.partenaires' doesn't exist
[2026-03-11 22:53:14] Erreur getSliderImages: SQLSTATE[42S02]: Base table or view not found: 1146 Table 'gscc.slider_accueil' doesn't exist
[2026-03-11 22:53:14] Erreur getPartenairesActifs: SQLSTATE[42S02]: Base table or view not found: 1146 Table 'gscc.partenaires' doesn't exist
[2026-03-11 22:53:48] Erreur getSliderImages: SQLSTATE[42S02]: Base table or view not found: 1146 Table 'gscc.slider_accueil' doesn't exist
[2026-03-11 22:53:48] Erreur getPartenairesActifs: SQLSTATE[42S02]: Base table or view not found: 1146 Table 'gscc.partenaires' doesn't exist
[2026-03-11 22:54:00] Erreur getSliderImages: SQLSTATE[42S02]: Base table or view not found: 1146 Table 'gscc.slider_accueil' doesn't exist
[2026-03-11 22:54:00] Erreur getPartenairesActifs: SQLSTATE[42S02]: Base table or view not found: 1146 Table 'gscc.partenaires' doesn't exist
[2026-03-11 23:06:58] Erreur getSliderImages: SQLSTATE[42S02]: Base table or view not found: 1146 Table 'gscc.slider_accueil' doesn't exist
[2026-03-11 23:06:58] Erreur getPartenairesActifs: SQLSTATE[42S02]: Base table or view not found: 1146 Table 'gscc.partenaires' doesn't exist
[2026-03-11 23:13:17] Erreur getSliderImages: SQLSTATE[42S02]: Base table or view not found: 1146 Table 'gscc.slider_accueil' doesn't exist
[2026-03-11 23:13:17] Erreur getPartenairesActifs: SQLSTATE[42S02]: Base table or view not found: 1146 Table 'gscc.partenaires' doesn't exist
[2026-03-11 23:50:56] Erreur getSliderImages: SQLSTATE[42S02]: Base table or view not found: 1146 Table 'gscc.slider_accueil' doesn't exist
[2026-03-11 23:50:56] Erreur getPartenairesActifs: SQLSTATE[42S02]: Base table or view not found: 1146 Table 'gscc.partenaires' doesn't exist
[2026-03-11 23:50:57] Erreur getSliderImages: SQLSTATE[42S02]: Base table or view not found: 1146 Table 'gscc.slider_accueil' doesn't exist
[2026-03-11 23:50:57] Erreur getPartenairesActifs: SQLSTATE[42S02]: Base table or view not found: 1146 Table 'gscc.partenaires' doesn't exist
[2026-03-11 23:51:13] Erreur getSliderImages: SQLSTATE[42S02]: Base table or view not found: 1146 Table 'gscc.slider_accueil' doesn't exist
[2026-03-11 23:51:13] Erreur getPartenairesActifs: SQLSTATE[42S02]: Base table or view not found: 1146 Table 'gscc.partenaires' doesn't exist
[2026-03-12 00:04:46] Erreur getSliderImages: SQLSTATE[42S02]: Base table or view not found: 1146 Table 'gscc.slider_accueil' doesn't exist
[2026-03-12 00:04:46] Erreur getPartenairesActifs: SQLSTATE[42S02]: Base table or view not found: 1146 Table 'gscc.partenaires' doesn't exist
[2026-03-12 00:04:55] Erreur getSliderImages: SQLSTATE[42S02]: Base table or view not found: 1146 Table 'gscc.slider_accueil' doesn't exist
[2026-03-12 00:04:55] Erreur getPartenairesActifs: SQLSTATE[42S02]: Base table or view not found: 1146 Table 'gscc.partenaires' doesn't exist
[2026-03-12 00:05:00] Erreur getSliderImages: SQLSTATE[42S02]: Base table or view not found: 1146 Table 'gscc.slider_accueil' doesn't exist
[2026-03-12 00:05:00] Erreur getPartenairesActifs: SQLSTATE[42S02]: Base table or view not found: 1146 Table 'gscc.partenaires' doesn't exist
[2026-03-12 00:05:21] Erreur getSliderImages: SQLSTATE[42S02]: Base table or view not found: 1146 Table 'gscc.slider_accueil' doesn't exist
[2026-03-12 00:05:21] Erreur getPartenairesActifs: SQLSTATE[42S02]: Base table or view not found: 1146 Table 'gscc.partenaires' doesn't exist
[2026-03-12 00:05:31] Erreur getSliderImages: SQLSTATE[42S02]: Base table or view not found: 1146 Table 'gscc.slider_accueil' doesn't exist
[2026-03-12 00:05:31] Erreur getPartenairesActifs: SQLSTATE[42S02]: Base table or view not found: 1146 Table 'gscc.partenaires' doesn't exist
[2026-03-12 00:06:21] Erreur getSliderImages: SQLSTATE[42S02]: Base table or view not found: 1146 Table 'gscc.slider_accueil' doesn't exist
[2026-03-12 00:06:21] Erreur getPartenairesActifs: SQLSTATE[42S02]: Base table or view not found: 1146 Table 'gscc.partenaires' doesn't exist
[2026-03-12 00:07:24] Erreur getSliderImages: SQLSTATE[42S02]: Base table or view not found: 1146 Table 'gscc.slider_accueil' doesn't exist
[2026-03-12 00:07:24] Erreur getPartenairesActifs: SQLSTATE[42S02]: Base table or view not found: 1146 Table 'gscc.partenaires' doesn't exist
[2026-03-12 00:50:45] Erreur getSliderImages: SQLSTATE[42S02]: Base table or view not found: 1146 Table 'gscc.slider_accueil' doesn't exist
[2026-03-12 00:50:45] Erreur getPartenairesActifs: SQLSTATE[42S02]: Base table or view not found: 1146 Table 'gscc.partenaires' doesn't exist
[2026-03-12 08:50:35] Erreur getSliderImages: SQLSTATE[42S02]: Base table or view not found: 1146 Table 'gscc.slider_accueil' doesn't exist
[2026-03-12 08:50:35] Erreur getPartenairesActifs: SQLSTATE[42S02]: Base table or view not found: 1146 Table 'gscc.partenaires' doesn't exist
[2026-03-12 08:59:08] Erreur getSliderImages: SQLSTATE[42S02]: Base table or view not found: 1146 Table 'gscc.slider_accueil' doesn't exist
[2026-03-12 08:59:08] Erreur getPartenairesActifs: SQLSTATE[42S02]: Base table or view not found: 1146 Table 'gscc.partenaires' doesn't exist
[2026-03-12 08:59:43] Erreur getSliderImages: SQLSTATE[42S02]: Base table or view not found: 1146 Table 'gscc.slider_accueil' doesn't exist
[2026-03-12 08:59:43] Erreur getPartenairesActifs: SQLSTATE[42S02]: Base table or view not found: 1146 Table 'gscc.partenaires' doesn't exist
[2026-03-12 09:00:22] Erreur getSliderImages: SQLSTATE[42S02]: Base table or view not found: 1146 Table 'gscc.slider_accueil' doesn't exist
[2026-03-12 09:00:22] Erreur getPartenairesActifs: SQLSTATE[42S02]: Base table or view not found: 1146 Table 'gscc.partenaires' doesn't exist
[2026-03-12 09:01:52] Erreur getSliderImages: SQLSTATE[42S02]: Base table or view not found: 1146 Table 'gscc.slider_accueil' doesn't exist
[2026-03-12 09:01:52] Erreur getPartenairesActifs: SQLSTATE[42S02]: Base table or view not found: 1146 Table 'gscc.partenaires' doesn't exist
[2026-03-12 09:12:15] Erreur getSliderImages: SQLSTATE[42S02]: Base table or view not found: 1146 Table 'gscc.slider_accueil' doesn't exist
[2026-03-12 09:12:15] Erreur getPartenairesActifs: SQLSTATE[42S02]: Base table or view not found: 1146 Table 'gscc.partenaires' doesn't exist
[2026-03-12 09:15:17] Erreur getSliderImages: SQLSTATE[42S02]: Base table or view not found: 1146 Table 'gscc.slider_accueil' doesn't exist
[2026-03-12 09:15:17] Erreur getPartenairesActifs: SQLSTATE[42S02]: Base table or view not found: 1146 Table 'gscc.partenaires' doesn't exist
[2026-03-12 09:33:58] Erreur getSliderImages: SQLSTATE[42S02]: Base table or view not found: 1146 Table 'gscc.slider_accueil' doesn't exist
[2026-03-12 09:33:58] Erreur getPartenairesActifs: SQLSTATE[42S02]: Base table or view not found: 1146 Table 'gscc.partenaires' doesn't exist
[2026-03-12 10:28:23] Erreur getSliderImages: SQLSTATE[42S02]: Base table or view not found: 1146 Table 'gscc.slider_accueil' doesn't exist
[2026-03-12 10:28:23] Erreur getPartenairesActifs: SQLSTATE[42S02]: Base table or view not found: 1146 Table 'gscc.partenaires' doesn't exist
[2026-03-12 10:31:16] Erreur getSliderImages: SQLSTATE[42S02]: Base table or view not found: 1146 Table 'gscc.slider_accueil' doesn't exist
[2026-03-12 10:31:16] Erreur getPartenairesActifs: SQLSTATE[42S02]: Base table or view not found: 1146 Table 'gscc.partenaires' doesn't exist
[2026-03-12 12:43:09] Erreur getSliderImages: SQLSTATE[42S02]: Base table or view not found: 1146 Table 'gscc.slider_accueil' doesn't exist
[2026-03-12 12:43:09] Erreur getPartenairesActifs: SQLSTATE[42S02]: Base table or view not found: 1146 Table 'gscc.partenaires' doesn't exist
[2026-03-12 12:43:09] Erreur getSliderImages: SQLSTATE[42S02]: Base table or view not found: 1146 Table 'gscc.slider_accueil' doesn't exist
[2026-03-12 12:43:09] Erreur getPartenairesActifs: SQLSTATE[42S02]: Base table or view not found: 1146 Table 'gscc.partenaires' doesn't exist
[2026-03-12 12:53:20] Erreur getSliderImages: SQLSTATE[42S02]: Base table or view not found: 1146 Table 'gscc.slider_accueil' doesn't exist
[2026-03-12 12:53:20] Erreur getPartenairesActifs: SQLSTATE[42S02]: Base table or view not found: 1146 Table 'gscc.partenaires' doesn't exist
[2026-03-12 12:54:31] Erreur getSliderImages: SQLSTATE[42S02]: Base table or view not found: 1146 Table 'gscc.slider_accueil' doesn't exist
[2026-03-12 12:54:31] Erreur getPartenairesActifs: SQLSTATE[42S02]: Base table or view not found: 1146 Table 'gscc.partenaires' doesn't exist
[2026-03-12 13:09:10] Erreur getSliderImages: SQLSTATE[42S02]: Base table or view not found: 1146 Table 'gscc.slider_accueil' doesn't exist
[2026-03-12 13:09:10] Erreur getPartenairesActifs: SQLSTATE[42S02]: Base table or view not found: 1146 Table 'gscc.partenaires' doesn't exist
[2026-03-12 13:09:29] Erreur getSliderImages: SQLSTATE[42S02]: Base table or view not found: 1146 Table 'gscc.slider_accueil' doesn't exist
[2026-03-12 13:09:29] Erreur getPartenairesActifs: SQLSTATE[42S02]: Base table or view not found: 1146 Table 'gscc.partenaires' doesn't exist
[2026-03-12 13:16:28] Erreur getSliderImages: SQLSTATE[42S02]: Base table or view not found: 1146 Table 'gscc.slider_accueil' doesn't exist
[2026-03-12 13:16:28] Erreur getPartenairesActifs: SQLSTATE[42S02]: Base table or view not found: 1146 Table 'gscc.partenaires' doesn't exist
[2026-03-12 13:45:06] Erreur getSliderImages: SQLSTATE[42S02]: Base table or view not found: 1146 Table 'gscc.slider_accueil' doesn't exist
[2026-03-12 13:45:06] Erreur getPartenairesActifs: SQLSTATE[42S02]: Base table or view not found: 1146 Table 'gscc.partenaires' doesn't exist
[2026-03-12 18:08:03] Erreur getSliderImages: SQLSTATE[42S02]: Base table or view not found: 1146 Table 'gscc.slider_accueil' doesn't exist
[2026-03-12 18:08:03] Erreur getPartenairesActifs: SQLSTATE[42S02]: Base table or view not found: 1146 Table 'gscc.partenaires' doesn't exist
[2026-03-12 18:09:28] Erreur getSliderImages: SQLSTATE[42S02]: Base table or view not found: 1146 Table 'gscc.slider_accueil' doesn't exist
[2026-03-12 18:09:28] Erreur getPartenairesActifs: SQLSTATE[42S02]: Base table or view not found: 1146 Table 'gscc.partenaires' doesn't exist
[2026-03-12 18:10:16] Erreur getSliderImages: SQLSTATE[42S02]: Base table or view not found: 1146 Table 'gscc.slider_accueil' doesn't exist
[2026-03-12 18:10:16] Erreur getPartenairesActifs: SQLSTATE[42S02]: Base table or view not found: 1146 Table 'gscc.partenaires' doesn't exist
[2026-03-12 18:10:50] Erreur getSliderImages: SQLSTATE[42S02]: Base table or view not found: 1146 Table 'gscc.slider_accueil' doesn't exist
[2026-03-12 18:10:50] Erreur getPartenairesActifs: SQLSTATE[42S02]: Base table or view not found: 1146 Table 'gscc.partenaires' doesn't exist
[2026-03-12 18:11:47] Erreur getSliderImages: SQLSTATE[42S02]: Base table or view not found: 1146 Table 'gscc.slider_accueil' doesn't exist
[2026-03-12 18:11:47] Erreur getPartenairesActifs: SQLSTATE[42S02]: Base table or view not found: 1146 Table 'gscc.partenaires' doesn't exist
[2026-03-12 18:12:02] Erreur getSliderImages: SQLSTATE[42S02]: Base table or view not found: 1146 Table 'gscc.slider_accueil' doesn't exist
[2026-03-12 18:12:02] Erreur getPartenairesActifs: SQLSTATE[42S02]: Base table or view not found: 1146 Table 'gscc.partenaires' doesn't exist
[2026-03-12 18:13:22] Erreur getSliderImages: SQLSTATE[42S02]: Base table or view not found: 1146 Table 'gscc.slider_accueil' doesn't exist
[2026-03-12 18:13:22] Erreur getPartenairesActifs: SQLSTATE[42S02]: Base table or view not found: 1146 Table 'gscc.partenaires' doesn't exist
[2026-03-12 18:13:52] Erreur getSliderImages: SQLSTATE[42S02]: Base table or view not found: 1146 Table 'gscc.slider_accueil' doesn't exist
[2026-03-12 18:13:52] Erreur getPartenairesActifs: SQLSTATE[42S02]: Base table or view not found: 1146 Table 'gscc.partenaires' doesn't exist
[2026-03-12 18:15:02] Erreur getSliderImages: SQLSTATE[42S02]: Base table or view not found: 1146 Table 'gscc.slider_accueil' doesn't exist
[2026-03-12 18:15:02] Erreur getPartenairesActifs: SQLSTATE[42S02]: Base table or view not found: 1146 Table 'gscc.partenaires' doesn't exist
[2026-03-12 18:18:39] Erreur getSliderImages: SQLSTATE[42S02]: Base table or view not found: 1146 Table 'gscc.slider_accueil' doesn't exist
[2026-03-12 18:18:39] Erreur getPartenairesActifs: SQLSTATE[42S02]: Base table or view not found: 1146 Table 'gscc.partenaires' doesn't exist
[2026-03-12 19:00:57] Erreur getSliderImages: SQLSTATE[42S02]: Base table or view not found: 1146 Table 'gscc.slider_accueil' doesn't exist
[2026-03-12 19:00:57] Erreur getPartenairesActifs: SQLSTATE[42S02]: Base table or view not found: 1146 Table 'gscc.partenaires' doesn't exist
[2026-03-12 19:15:33] Erreur getSliderImages: SQLSTATE[42S02]: Base table or view not found: 1146 Table 'gscc.slider_accueil' doesn't exist
[2026-03-12 19:15:33] Erreur getPartenairesActifs: SQLSTATE[42S02]: Base table or view not found: 1146 Table 'gscc.partenaires' doesn't exist
[2026-03-12 19:15:41] Erreur getSliderImages: SQLSTATE[42S02]: Base table or view not found: 1146 Table 'gscc.slider_accueil' doesn't exist
[2026-03-12 19:15:41] Erreur getPartenairesActifs: SQLSTATE[42S02]: Base table or view not found: 1146 Table 'gscc.partenaires' doesn't exist
[2026-03-12 19:16:51] password_reset_request: SQLSTATE[42S02]: Base table or view not found: 1146 Table 'gscc.password_resets' doesn't exist
[2026-03-12 19:22:20] Erreur getSliderImages: SQLSTATE[42S02]: Base table or view not found: 1146 Table 'gscc.slider_accueil' doesn't exist
[2026-03-12 19:22:20] Erreur getPartenairesActifs: SQLSTATE[42S02]: Base table or view not found: 1146 Table 'gscc.partenaires' doesn't exist
[2026-03-13 07:56:04] Erreur getSliderImages: SQLSTATE[42S02]: Base table or view not found: 1146 Table 'gscc.slider_accueil' doesn't exist
[2026-03-13 07:56:04] Erreur getPartenairesActifs: SQLSTATE[42S02]: Base table or view not found: 1146 Table 'gscc.partenaires' doesn't exist
[2026-03-13 09:24:01] Erreur getSliderImages: SQLSTATE[42S02]: Base table or view not found: 1146 Table 'gscc.slider_accueil' doesn't exist
[2026-03-13 09:24:01] Erreur getPartenairesActifs: SQLSTATE[42S02]: Base table or view not found: 1146 Table 'gscc.partenaires' doesn't exist
[2026-03-13 20:10:58] Erreur getSliderImages: SQLSTATE[42S02]: Base table or view not found: 1146 Table 'gscc.slider_accueil' doesn't exist
[2026-03-13 20:10:58] Erreur getPartenairesActifs: SQLSTATE[42S02]: Base table or view not found: 1146 Table 'gscc.partenaires' doesn't exist
[2026-03-13 20:11:47] Erreur getSliderImages: SQLSTATE[42S02]: Base table or view not found: 1146 Table 'gscc.slider_accueil' doesn't exist
[2026-03-13 20:11:47] Erreur getPartenairesActifs: SQLSTATE[42S02]: Base table or view not found: 1146 Table 'gscc.partenaires' doesn't exist
[2026-03-14 01:19:54] Erreur getSliderImages: SQLSTATE[42S02]: Base table or view not found: 1146 Table 'gscc.slider_accueil' doesn't exist
[2026-03-14 01:19:54] Erreur getPartenairesActifs: SQLSTATE[42S02]: Base table or view not found: 1146 Table 'gscc.partenaires' doesn't exist
[2026-03-14 14:14:37] Erreur getSliderImages: SQLSTATE[42S02]: Base table or view not found: 1146 Table 'gscc.slider_accueil' doesn't exist
[2026-03-14 14:14:37] Erreur getPartenairesActifs: SQLSTATE[42S02]: Base table or view not found: 1146 Table 'gscc.partenaires' doesn't exist
[2026-03-14 14:15:51] Erreur partenaires.php: SQLSTATE[42S02]: Base table or view not found: 1146 Table 'gscc.partenaires' doesn't exist
[2026-03-14 14:19:42] Erreur getSliderImages: SQLSTATE[42S02]: Base table or view not found: 1146 Table 'gscc.slider_accueil' doesn't exist
[2026-03-14 14:19:42] Erreur getPartenairesActifs: SQLSTATE[42S02]: Base table or view not found: 1146 Table 'gscc.partenaires' doesn't exist
[2026-03-14 14:20:23] Erreur getSliderImages: SQLSTATE[42S02]: Base table or view not found: 1146 Table 'gscc.slider_accueil' doesn't exist
[2026-03-14 14:20:23] Erreur getPartenairesActifs: SQLSTATE[42S02]: Base table or view not found: 1146 Table 'gscc.partenaires' doesn't exist
[2026-03-14 15:25:24] Erreur getSliderImages: SQLSTATE[42S02]: Base table or view not found: 1146 Table 'gscc.slider_accueil' doesn't exist
[2026-03-14 15:25:24] Erreur getPartenairesActifs: SQLSTATE[42S02]: Base table or view not found: 1146 Table 'gscc.partenaires' doesn't exist
[2026-03-14 15:29:41] Erreur getSliderImages: SQLSTATE[42S02]: Base table or view not found: 1146 Table 'gscc.slider_accueil' doesn't exist
[2026-03-14 15:29:41] Erreur getPartenairesActifs: SQLSTATE[42S02]: Base table or view not found: 1146 Table 'gscc.partenaires' doesn't exist
[2026-03-14 15:31:38] Erreur getSliderImages: SQLSTATE[42S02]: Base table or view not found: 1146 Table 'gscc.slider_accueil' doesn't exist
[2026-03-14 15:31:38] Erreur getPartenairesActifs: SQLSTATE[42S02]: Base table or view not found: 1146 Table 'gscc.partenaires' doesn't exist
[2026-03-14 15:34:06] Erreur getSliderImages: SQLSTATE[42S02]: Base table or view not found: 1146 Table 'gscc.slider_accueil' doesn't exist
[2026-03-14 15:34:06] Erreur getPartenairesActifs: SQLSTATE[42S02]: Base table or view not found: 1146 Table 'gscc.partenaires' doesn't exist
[2026-03-14 15:34:54] Erreur getSliderImages: SQLSTATE[42S02]: Base table or view not found: 1146 Table 'gscc.slider_accueil' doesn't exist
[2026-03-14 15:34:54] Erreur getPartenairesActifs: SQLSTATE[42S02]: Base table or view not found: 1146 Table 'gscc.partenaires' doesn't exist
[2026-03-14 15:35:39] Erreur getSliderImages: SQLSTATE[42S02]: Base table or view not found: 1146 Table 'gscc.slider_accueil' doesn't exist
[2026-03-14 15:35:39] Erreur getPartenairesActifs: SQLSTATE[42S02]: Base table or view not found: 1146 Table 'gscc.partenaires' doesn't exist
[2026-03-14 15:39:49] Erreur getSliderImages: SQLSTATE[42S02]: Base table or view not found: 1146 Table 'gscc.slider_accueil' doesn't exist
[2026-03-14 15:39:49] Erreur getPartenairesActifs: SQLSTATE[42S02]: Base table or view not found: 1146 Table 'gscc.partenaires' doesn't exist
[2026-03-14 15:58:10] Erreur getSliderImages: SQLSTATE[42S02]: Base table or view not found: 1146 Table 'gscc.slider_accueil' doesn't exist
[2026-03-14 15:58:10] Erreur getPartenairesActifs: SQLSTATE[42S02]: Base table or view not found: 1146 Table 'gscc.partenaires' doesn't exist
[2026-03-14 16:01:43] Erreur getSliderImages: SQLSTATE[42S02]: Base table or view not found: 1146 Table 'gscc.slider_accueil' doesn't exist
[2026-03-14 16:01:43] Erreur getPartenairesActifs: SQLSTATE[42S02]: Base table or view not found: 1146 Table 'gscc.partenaires' doesn't exist
[2026-03-14 16:10:44] Erreur getSliderImages: SQLSTATE[42S02]: Base table or view not found: 1146 Table 'gscc.slider_accueil' doesn't exist
[2026-03-14 16:10:44] Erreur getPartenairesActifs: SQLSTATE[42S02]: Base table or view not found: 1146 Table 'gscc.partenaires' doesn't exist
[2026-03-15 08:14:19] Erreur getSliderImages: SQLSTATE[42S02]: Base table or view not found: 1146 Table 'gscc.slider_accueil' doesn't exist
[2026-03-15 08:14:19] Erreur getPartenairesActifs: SQLSTATE[42S02]: Base table or view not found: 1146 Table 'gscc.partenaires' doesn't exist
[2026-03-15 08:15:31] Erreur getSliderImages: SQLSTATE[42S02]: Base table or view not found: 1146 Table 'gscc.slider_accueil' doesn't exist
[2026-03-15 08:15:31] Erreur getPartenairesActifs: SQLSTATE[42S02]: Base table or view not found: 1146 Table 'gscc.partenaires' doesn't exist
[2026-03-15 08:16:26] Erreur getSliderImages: SQLSTATE[42S02]: Base table or view not found: 1146 Table 'gscc.slider_accueil' doesn't exist
[2026-03-15 08:16:26] Erreur getPartenairesActifs: SQLSTATE[42S02]: Base table or view not found: 1146 Table 'gscc.partenaires' doesn't exist
[2026-03-15 08:16:41] Erreur getSliderImages: SQLSTATE[42S02]: Base table or view not found: 1146 Table 'gscc.slider_accueil' doesn't exist
[2026-03-15 08:16:41] Erreur getPartenairesActifs: SQLSTATE[42S02]: Base table or view not found: 1146 Table 'gscc.partenaires' doesn't exist
[2026-03-15 08:16:48] Erreur getSliderImages: SQLSTATE[42S02]: Base table or view not found: 1146 Table 'gscc.slider_accueil' doesn't exist
[2026-03-15 08:16:48] Erreur getPartenairesActifs: SQLSTATE[42S02]: Base table or view not found: 1146 Table 'gscc.partenaires' doesn't exist
[2026-03-15 08:16:58] Erreur getSliderImages: SQLSTATE[42S02]: Base table or view not found: 1146 Table 'gscc.slider_accueil' doesn't exist
[2026-03-15 08:16:58] Erreur getPartenairesActifs: SQLSTATE[42S02]: Base table or view not found: 1146 Table 'gscc.partenaires' doesn't exist
[2026-03-15 08:17:01] Erreur getSliderImages: SQLSTATE[42S02]: Base table or view not found: 1146 Table 'gscc.slider_accueil' doesn't exist
[2026-03-15 08:17:01] Erreur getPartenairesActifs: SQLSTATE[42S02]: Base table or view not found: 1146 Table 'gscc.partenaires' doesn't exist
[2026-03-15 08:17:22] Erreur getSliderImages: SQLSTATE[42S02]: Base table or view not found: 1146 Table 'gscc.slider_accueil' doesn't exist
[2026-03-15 08:17:22] Erreur getPartenairesActifs: SQLSTATE[42S02]: Base table or view not found: 1146 Table 'gscc.partenaires' doesn't exist
[2026-03-15 08:17:37] Erreur getSliderImages: SQLSTATE[42S02]: Base table or view not found: 1146 Table 'gscc.slider_accueil' doesn't exist
[2026-03-15 08:17:37] Erreur getPartenairesActifs: SQLSTATE[42S02]: Base table or view not found: 1146 Table 'gscc.partenaires' doesn't exist
[2026-03-15 08:18:18] Erreur getSliderImages: SQLSTATE[42S02]: Base table or view not found: 1146 Table 'gscc.slider_accueil' doesn't exist
[2026-03-15 08:18:18] Erreur getPartenairesActifs: SQLSTATE[42S02]: Base table or view not found: 1146 Table 'gscc.partenaires' doesn't exist
[2026-03-15 08:18:19] Erreur getSliderImages: SQLSTATE[42S02]: Base table or view not found: 1146 Table 'gscc.slider_accueil' doesn't exist
[2026-03-15 08:18:19] Erreur getPartenairesActifs: SQLSTATE[42S02]: Base table or view not found: 1146 Table 'gscc.partenaires' doesn't exist
[2026-03-15 08:18:35] Erreur getSliderImages: SQLSTATE[42S02]: Base table or view not found: 1146 Table 'gscc.slider_accueil' doesn't exist
[2026-03-15 08:18:35] Erreur getPartenairesActifs: SQLSTATE[42S02]: Base table or view not found: 1146 Table 'gscc.partenaires' doesn't exist
[2026-03-15 08:19:43] Erreur getSliderImages: SQLSTATE[42S02]: Base table or view not found: 1146 Table 'gscc.slider_accueil' doesn't exist
[2026-03-15 08:19:43] Erreur getPartenairesActifs: SQLSTATE[42S02]: Base table or view not found: 1146 Table 'gscc.partenaires' doesn't exist
[2026-03-15 08:19:58] Erreur getSliderImages: SQLSTATE[42S02]: Base table or view not found: 1146 Table 'gscc.slider_accueil' doesn't exist
[2026-03-15 08:19:58] Erreur getPartenairesActifs: SQLSTATE[42S02]: Base table or view not found: 1146 Table 'gscc.partenaires' doesn't exist
[2026-03-15 11:15:21] Erreur getSliderImages: SQLSTATE[42S02]: Base table or view not found: 1146 Table 'gscc.slider_accueil' doesn't exist
[2026-03-15 11:15:21] Erreur getPartenairesActifs: SQLSTATE[42S02]: Base table or view not found: 1146 Table 'gscc.partenaires' doesn't exist
[2026-03-15 11:17:12] Erreur getSliderImages: SQLSTATE[42S02]: Base table or view not found: 1146 Table 'gscc.slider_accueil' doesn't exist
[2026-03-15 11:17:12] Erreur getPartenairesActifs: SQLSTATE[42S02]: Base table or view not found: 1146 Table 'gscc.partenaires' doesn't exist
[2026-03-15 11:19:19] Erreur getSliderImages: SQLSTATE[42S02]: Base table or view not found: 1146 Table 'gscc.slider_accueil' doesn't exist
[2026-03-15 11:19:19] Erreur getPartenairesActifs: SQLSTATE[42S02]: Base table or view not found: 1146 Table 'gscc.partenaires' doesn't exist
[2026-03-15 11:20:49] Erreur partenaires.php: SQLSTATE[42S02]: Base table or view not found: 1146 Table 'gscc.partenaires' doesn't exist
[2026-03-15 11:21:48] Erreur getSliderImages: SQLSTATE[42S02]: Base table or view not found: 1146 Table 'gscc.slider_accueil' doesn't exist
[2026-03-15 11:21:48] Erreur getPartenairesActifs: SQLSTATE[42S02]: Base table or view not found: 1146 Table 'gscc.partenaires' doesn't exist
[2026-03-15 11:26:04] Erreur partenaires.php: SQLSTATE[42S02]: Base table or view not found: 1146 Table 'gscc.partenaires' doesn't exist
[2026-03-15 11:28:44] Erreur getSliderImages: SQLSTATE[42S02]: Base table or view not found: 1146 Table 'gscc.slider_accueil' doesn't exist
[2026-03-15 11:28:44] Erreur getPartenairesActifs: SQLSTATE[42S02]: Base table or view not found: 1146 Table 'gscc.partenaires' doesn't exist
[2026-03-15 11:29:49] Erreur getSliderImages: SQLSTATE[42S02]: Base table or view not found: 1146 Table 'gscc.slider_accueil' doesn't exist
[2026-03-15 11:29:49] Erreur getPartenairesActifs: SQLSTATE[42S02]: Base table or view not found: 1146 Table 'gscc.partenaires' doesn't exist
[2026-03-15 11:29:52] Erreur getSliderImages: SQLSTATE[42S02]: Base table or view not found: 1146 Table 'gscc.slider_accueil' doesn't exist
[2026-03-15 11:29:52] Erreur getPartenairesActifs: SQLSTATE[42S02]: Base table or view not found: 1146 Table 'gscc.partenaires' doesn't exist
[2026-03-15 11:34:18] Erreur getSliderImages: SQLSTATE[42S02]: Base table or view not found: 1146 Table 'gscc.slider_accueil' doesn't exist
[2026-03-15 11:34:18] Erreur getPartenairesActifs: SQLSTATE[42S02]: Base table or view not found: 1146 Table 'gscc.partenaires' doesn't exist
[2026-03-15 11:38:22] Erreur getSliderImages: SQLSTATE[42S02]: Base table or view not found: 1146 Table 'gscc.slider_accueil' doesn't exist
[2026-03-15 11:38:22] Erreur getPartenairesActifs: SQLSTATE[42S02]: Base table or view not found: 1146 Table 'gscc.partenaires' doesn't exist
[2026-03-15 11:40:58] Erreur getSliderImages: SQLSTATE[42S02]: Base table or view not found: 1146 Table 'gscc.slider_accueil' doesn't exist
[2026-03-15 11:40:58] Erreur getPartenairesActifs: SQLSTATE[42S02]: Base table or view not found: 1146 Table 'gscc.partenaires' doesn't exist
[2026-03-15 17:13:04] Erreur getSliderImages: SQLSTATE[42S02]: Base table or view not found: 1146 Table 'gscc.slider_accueil' doesn't exist
[2026-03-15 17:13:04] Erreur getPartenairesActifs: SQLSTATE[42S02]: Base table or view not found: 1146 Table 'gscc.partenaires' doesn't exist
[2026-03-15 17:13:05] Erreur getSliderImages: SQLSTATE[42S02]: Base table or view not found: 1146 Table 'gscc.slider_accueil' doesn't exist
[2026-03-15 17:13:05] Erreur getPartenairesActifs: SQLSTATE[42S02]: Base table or view not found: 1146 Table 'gscc.partenaires' doesn't exist
[2026-03-15 18:05:31] Erreur getSliderImages: SQLSTATE[42S02]: Base table or view not found: 1146 Table 'gscc.slider_accueil' doesn't exist
[2026-03-15 18:05:31] Erreur getPartenairesActifs: SQLSTATE[42S02]: Base table or view not found: 1146 Table 'gscc.partenaires' doesn't exist
[2026-03-15 18:07:57] Erreur getSliderImages: SQLSTATE[42S02]: Base table or view not found: 1146 Table 'gscc.slider_accueil' doesn't exist
[2026-03-15 18:07:57] Erreur getPartenairesActifs: SQLSTATE[42S02]: Base table or view not found: 1146 Table 'gscc.partenaires' doesn't exist
[2026-03-15 18:08:46] Erreur getSliderImages: SQLSTATE[42S02]: Base table or view not found: 1146 Table 'gscc.slider_accueil' doesn't exist
[2026-03-15 18:08:46] Erreur getPartenairesActifs: SQLSTATE[42S02]: Base table or view not found: 1146 Table 'gscc.partenaires' doesn't exist
[2026-03-15 18:25:23] Erreur getSliderImages: SQLSTATE[42S02]: Base table or view not found: 1146 Table 'gscc.slider_accueil' doesn't exist
[2026-03-15 18:25:23] Erreur getPartenairesActifs: SQLSTATE[42S02]: Base table or view not found: 1146 Table 'gscc.partenaires' doesn't exist
[2026-03-15 18:25:27] Erreur getSliderImages: SQLSTATE[42S02]: Base table or view not found: 1146 Table 'gscc.slider_accueil' doesn't exist
[2026-03-15 18:25:27] Erreur getPartenairesActifs: SQLSTATE[42S02]: Base table or view not found: 1146 Table 'gscc.partenaires' doesn't exist
[2026-03-15 18:25:34] Erreur getSliderImages: SQLSTATE[42S02]: Base table or view not found: 1146 Table 'gscc.slider_accueil' doesn't exist
[2026-03-15 18:25:34] Erreur getPartenairesActifs: SQLSTATE[42S02]: Base table or view not found: 1146 Table 'gscc.partenaires' doesn't exist
[2026-03-15 18:25:36] Erreur getSliderImages: SQLSTATE[42S02]: Base table or view not found: 1146 Table 'gscc.slider_accueil' doesn't exist
[2026-03-15 18:25:36] Erreur getPartenairesActifs: SQLSTATE[42S02]: Base table or view not found: 1146 Table 'gscc.partenaires' doesn't exist
[2026-03-15 18:25:55] Erreur getSliderImages: SQLSTATE[42S02]: Base table or view not found: 1146 Table 'gscc.slider_accueil' doesn't exist
[2026-03-15 18:25:55] Erreur getPartenairesActifs: SQLSTATE[42S02]: Base table or view not found: 1146 Table 'gscc.partenaires' doesn't exist
[2026-03-15 21:44:00] Erreur getSliderImages: SQLSTATE[42S02]: Base table or view not found: 1146 Table 'gscc.slider_accueil' doesn't exist
[2026-03-15 21:44:00] Erreur getPartenairesActifs: SQLSTATE[42S02]: Base table or view not found: 1146 Table 'gscc.partenaires' doesn't exist
[2026-03-16 08:59:17] Erreur partenaires.php: SQLSTATE[42S02]: Base table or view not found: 1146 Table 'gscc.partenaires' doesn't exist
[2026-03-16 08:59:32] Erreur getSliderImages: SQLSTATE[42S02]: Base table or view not found: 1146 Table 'gscc.slider_accueil' doesn't exist
[2026-03-16 08:59:32] Erreur getPartenairesActifs: SQLSTATE[42S02]: Base table or view not found: 1146 Table 'gscc.partenaires' doesn't exist
[2026-03-16 09:27:48] Erreur getSliderImages: SQLSTATE[42S02]: Base table or view not found: 1146 Table 'gscc.slider_accueil' doesn't exist
[2026-03-16 09:27:48] Erreur getPartenairesActifs: SQLSTATE[42S02]: Base table or view not found: 1146 Table 'gscc.partenaires' doesn't exist
[2026-03-16 09:29:15] Erreur getSliderImages: SQLSTATE[42S02]: Base table or view not found: 1146 Table 'gscc.slider_accueil' doesn't exist
[2026-03-16 09:29:15] Erreur getPartenairesActifs: SQLSTATE[42S02]: Base table or view not found: 1146 Table 'gscc.partenaires' doesn't exist
[2026-03-16 09:37:32] Erreur getSliderImages: SQLSTATE[42S02]: Base table or view not found: 1146 Table 'gscc.slider_accueil' doesn't exist
[2026-03-16 09:37:32] Erreur getPartenairesActifs: SQLSTATE[42S02]: Base table or view not found: 1146 Table 'gscc.partenaires' doesn't exist
[2026-03-16 10:02:14] Erreur getSliderImages: SQLSTATE[42S02]: Base table or view not found: 1146 Table 'gscc.slider_accueil' doesn't exist
[2026-03-16 10:02:14] Erreur getPartenairesActifs: SQLSTATE[42S02]: Base table or view not found: 1146 Table 'gscc.partenaires' doesn't exist
[2026-03-16 10:02:39] Erreur getSliderImages: SQLSTATE[42S02]: Base table or view not found: 1146 Table 'gscc.slider_accueil' doesn't exist
[2026-03-16 10:02:39] Erreur getPartenairesActifs: SQLSTATE[42S02]: Base table or view not found: 1146 Table 'gscc.partenaires' doesn't exist
[2026-03-16 10:03:41] Erreur getSliderImages: SQLSTATE[42S02]: Base table or view not found: 1146 Table 'gscc.slider_accueil' doesn't exist
[2026-03-16 10:03:41] Erreur getPartenairesActifs: SQLSTATE[42S02]: Base table or view not found: 1146 Table 'gscc.partenaires' doesn't exist
[2026-03-16 10:07:19] Erreur getSliderImages: SQLSTATE[42S02]: Base table or view not found: 1146 Table 'gscc.slider_accueil' doesn't exist
[2026-03-16 10:07:19] Erreur getPartenairesActifs: SQLSTATE[42S02]: Base table or view not found: 1146 Table 'gscc.partenaires' doesn't exist
[2026-03-16 10:09:11] Erreur partenaires.php: SQLSTATE[42S02]: Base table or view not found: 1146 Table 'gscc.partenaires' doesn't exist
[2026-03-16 10:09:58] Erreur getSliderImages: SQLSTATE[42S02]: Base table or view not found: 1146 Table 'gscc.slider_accueil' doesn't exist
[2026-03-16 10:09:58] Erreur getPartenairesActifs: SQLSTATE[42S02]: Base table or view not found: 1146 Table 'gscc.partenaires' doesn't exist
[2026-03-16 15:02:56] Erreur getSliderImages: SQLSTATE[42S02]: Base table or view not found: 1146 Table 'gscc.slider_accueil' doesn't exist
[2026-03-16 15:02:57] Erreur getPartenairesActifs: SQLSTATE[42S02]: Base table or view not found: 1146 Table 'gscc.partenaires' doesn't exist
[2026-03-16 15:02:59] Erreur getSliderImages: SQLSTATE[42S02]: Base table or view not found: 1146 Table 'gscc.slider_accueil' doesn't exist
[2026-03-16 15:02:59] Erreur getPartenairesActifs: SQLSTATE[42S02]: Base table or view not found: 1146 Table 'gscc.partenaires' doesn't exist
[2026-03-16 15:39:05] Erreur getSliderImages: SQLSTATE[42S02]: Base table or view not found: 1146 Table 'gscc.slider_accueil' doesn't exist
[2026-03-16 15:39:05] Erreur getPartenairesActifs: SQLSTATE[42S02]: Base table or view not found: 1146 Table 'gscc.partenaires' doesn't exist
[2026-03-16 15:39:09] Erreur getSliderImages: SQLSTATE[42S02]: Base table or view not found: 1146 Table 'gscc.slider_accueil' doesn't exist
[2026-03-16 15:39:09] Erreur getPartenairesActifs: SQLSTATE[42S02]: Base table or view not found: 1146 Table 'gscc.partenaires' doesn't exist
[2026-03-16 15:39:32] Erreur getSliderImages: SQLSTATE[42S02]: Base table or view not found: 1146 Table 'gscc.slider_accueil' doesn't exist
[2026-03-16 15:39:32] Erreur getPartenairesActifs: SQLSTATE[42S02]: Base table or view not found: 1146 Table 'gscc.partenaires' doesn't exist
[2026-03-16 15:39:33] Erreur getSliderImages: SQLSTATE[42S02]: Base table or view not found: 1146 Table 'gscc.slider_accueil' doesn't exist
[2026-03-16 15:39:33] Erreur getPartenairesActifs: SQLSTATE[42S02]: Base table or view not found: 1146 Table 'gscc.partenaires' doesn't exist
[2026-03-16 15:40:16] Erreur getSliderImages: SQLSTATE[42S02]: Base table or view not found: 1146 Table 'gscc.slider_accueil' doesn't exist
[2026-03-16 15:40:16] Erreur getPartenairesActifs: SQLSTATE[42S02]: Base table or view not found: 1146 Table 'gscc.partenaires' doesn't exist
[2026-03-16 15:40:18] Erreur getSliderImages: SQLSTATE[42S02]: Base table or view not found: 1146 Table 'gscc.slider_accueil' doesn't exist
[2026-03-16 15:40:18] Erreur getPartenairesActifs: SQLSTATE[42S02]: Base table or view not found: 1146 Table 'gscc.partenaires' doesn't exist
[2026-03-16 15:40:47] Erreur getSliderImages: SQLSTATE[42S02]: Base table or view not found: 1146 Table 'gscc.slider_accueil' doesn't exist
[2026-03-16 15:40:47] Erreur getPartenairesActifs: SQLSTATE[42S02]: Base table or view not found: 1146 Table 'gscc.partenaires' doesn't exist
[2026-03-16 15:40:48] Erreur getSliderImages: SQLSTATE[42S02]: Base table or view not found: 1146 Table 'gscc.slider_accueil' doesn't exist
[2026-03-16 15:40:48] Erreur getPartenairesActifs: SQLSTATE[42S02]: Base table or view not found: 1146 Table 'gscc.partenaires' doesn't exist
[2026-03-16 15:44:15] Erreur getSliderImages: SQLSTATE[42S02]: Base table or view not found: 1146 Table 'gscc.slider_accueil' doesn't exist
[2026-03-16 15:44:15] Erreur getPartenairesActifs: SQLSTATE[42S02]: Base table or view not found: 1146 Table 'gscc.partenaires' doesn't exist
[2026-03-16 15:44:15] Erreur getSliderImages: SQLSTATE[42S02]: Base table or view not found: 1146 Table 'gscc.slider_accueil' doesn't exist
[2026-03-16 15:44:15] Erreur getPartenairesActifs: SQLSTATE[42S02]: Base table or view not found: 1146 Table 'gscc.partenaires' doesn't exist
[2026-03-16 15:44:15] Erreur getSliderImages: SQLSTATE[42S02]: Base table or view not found: 1146 Table 'gscc.slider_accueil' doesn't exist
[2026-03-16 15:44:15] Erreur getPartenairesActifs: SQLSTATE[42S02]: Base table or view not found: 1146 Table 'gscc.partenaires' doesn't exist
[2026-03-16 15:44:15] Erreur getSliderImages: SQLSTATE[42S02]: Base table or view not found: 1146 Table 'gscc.slider_accueil' doesn't exist
[2026-03-16 15:44:15] Erreur getPartenairesActifs: SQLSTATE[42S02]: Base table or view not found: 1146 Table 'gscc.partenaires' doesn't exist
[2026-03-16 15:44:15] Erreur getSliderImages: SQLSTATE[42S02]: Base table or view not found: 1146 Table 'gscc.slider_accueil' doesn't exist
[2026-03-16 15:44:15] Erreur getPartenairesActifs: SQLSTATE[42S02]: Base table or view not found: 1146 Table 'gscc.partenaires' doesn't exist
[2026-03-16 15:44:16] Erreur getSliderImages: SQLSTATE[42S02]: Base table or view not found: 1146 Table 'gscc.slider_accueil' doesn't exist
[2026-03-16 15:44:16] Erreur getPartenairesActifs: SQLSTATE[42S02]: Base table or view not found: 1146 Table 'gscc.partenaires' doesn't exist
[2026-03-16 15:44:16] Erreur getSliderImages: SQLSTATE[42S02]: Base table or view not found: 1146 Table 'gscc.slider_accueil' doesn't exist
[2026-03-16 15:44:16] Erreur getPartenairesActifs: SQLSTATE[42S02]: Base table or view not found: 1146 Table 'gscc.partenaires' doesn't exist
[2026-03-16 15:44:16] Erreur getSliderImages: SQLSTATE[42S02]: Base table or view not found: 1146 Table 'gscc.slider_accueil' doesn't exist
[2026-03-16 15:44:16] Erreur getPartenairesActifs: SQLSTATE[42S02]: Base table or view not found: 1146 Table 'gscc.partenaires' doesn't exist
[2026-03-16 15:44:16] Erreur getSliderImages: SQLSTATE[42S02]: Base table or view not found: 1146 Table 'gscc.slider_accueil' doesn't exist
[2026-03-16 15:44:16] Erreur getPartenairesActifs: SQLSTATE[42S02]: Base table or view not found: 1146 Table 'gscc.partenaires' doesn't exist
[2026-03-16 15:44:16] Erreur getSliderImages: SQLSTATE[42S02]: Base table or view not found: 1146 Table 'gscc.slider_accueil' doesn't exist
[2026-03-16 15:44:16] Erreur getPartenairesActifs: SQLSTATE[42S02]: Base table or view not found: 1146 Table 'gscc.partenaires' doesn't exist
[2026-03-16 15:44:16] Erreur getSliderImages: SQLSTATE[42S02]: Base table or view not found: 1146 Table 'gscc.slider_accueil' doesn't exist
[2026-03-16 15:44:16] Erreur getPartenairesActifs: SQLSTATE[42S02]: Base table or view not found: 1146 Table 'gscc.partenaires' doesn't exist
[2026-03-16 15:44:16] Erreur getSliderImages: SQLSTATE[42S02]: Base table or view not found: 1146 Table 'gscc.slider_accueil' doesn't exist
[2026-03-16 15:44:16] Erreur getPartenairesActifs: SQLSTATE[42S02]: Base table or view not found: 1146 Table 'gscc.partenaires' doesn't exist
[2026-03-16 15:44:17] Erreur getSliderImages: SQLSTATE[42S02]: Base table or view not found: 1146 Table 'gscc.slider_accueil' doesn't exist
[2026-03-16 15:44:17] Erreur getPartenairesActifs: SQLSTATE[42S02]: Base table or view not found: 1146 Table 'gscc.partenaires' doesn't exist
[2026-03-16 15:44:24] Erreur getSliderImages: SQLSTATE[42S02]: Base table or view not found: 1146 Table 'gscc.slider_accueil' doesn't exist
[2026-03-16 15:44:24] Erreur getPartenairesActifs: SQLSTATE[42S02]: Base table or view not found: 1146 Table 'gscc.partenaires' doesn't exist
[2026-03-16 15:44:24] Erreur getSliderImages: SQLSTATE[42S02]: Base table or view not found: 1146 Table 'gscc.slider_accueil' doesn't exist
[2026-03-16 15:44:24] Erreur getPartenairesActifs: SQLSTATE[42S02]: Base table or view not found: 1146 Table 'gscc.partenaires' doesn't exist
[2026-03-16 15:44:24] Erreur getSliderImages: SQLSTATE[42S02]: Base table or view not found: 1146 Table 'gscc.slider_accueil' doesn't exist
[2026-03-16 15:44:24] Erreur getPartenairesActifs: SQLSTATE[42S02]: Base table or view not found: 1146 Table 'gscc.partenaires' doesn't exist
[2026-03-16 15:44:24] Erreur getSliderImages: SQLSTATE[42S02]: Base table or view not found: 1146 Table 'gscc.slider_accueil' doesn't exist
[2026-03-16 15:44:24] Erreur getPartenairesActifs: SQLSTATE[42S02]: Base table or view not found: 1146 Table 'gscc.partenaires' doesn't exist
[2026-03-16 15:44:30] Erreur getSliderImages: SQLSTATE[42S02]: Base table or view not found: 1146 Table 'gscc.slider_accueil' doesn't exist
[2026-03-16 15:44:30] Erreur getPartenairesActifs: SQLSTATE[42S02]: Base table or view not found: 1146 Table 'gscc.partenaires' doesn't exist
[2026-03-16 15:44:30] Erreur getSliderImages: SQLSTATE[42S02]: Base table or view not found: 1146 Table 'gscc.slider_accueil' doesn't exist
[2026-03-16 15:44:30] Erreur getPartenairesActifs: SQLSTATE[42S02]: Base table or view not found: 1146 Table 'gscc.partenaires' doesn't exist
[2026-03-16 15:44:31] Erreur getSliderImages: SQLSTATE[42S02]: Base table or view not found: 1146 Table 'gscc.slider_accueil' doesn't exist
[2026-03-16 15:44:31] Erreur getPartenairesActifs: SQLSTATE[42S02]: Base table or view not found: 1146 Table 'gscc.partenaires' doesn't exist
[2026-03-16 15:44:31] Erreur getSliderImages: SQLSTATE[42S02]: Base table or view not found: 1146 Table 'gscc.slider_accueil' doesn't exist
[2026-03-16 15:44:31] Erreur getPartenairesActifs: SQLSTATE[42S02]: Base table or view not found: 1146 Table 'gscc.partenaires' doesn't exist
[2026-03-16 15:44:31] Erreur getSliderImages: SQLSTATE[42S02]: Base table or view not found: 1146 Table 'gscc.slider_accueil' doesn't exist
[2026-03-16 15:44:31] Erreur getPartenairesActifs: SQLSTATE[42S02]: Base table or view not found: 1146 Table 'gscc.partenaires' doesn't exist
[2026-03-16 15:44:31] Erreur getSliderImages: SQLSTATE[42S02]: Base table or view not found: 1146 Table 'gscc.slider_accueil' doesn't exist
[2026-03-16 15:44:31] Erreur getPartenairesActifs: SQLSTATE[42S02]: Base table or view not found: 1146 Table 'gscc.partenaires' doesn't exist
[2026-03-16 15:44:31] Erreur getSliderImages: SQLSTATE[42S02]: Base table or view not found: 1146 Table 'gscc.slider_accueil' doesn't exist
[2026-03-16 15:44:31] Erreur getPartenairesActifs: SQLSTATE[42S02]: Base table or view not found: 1146 Table 'gscc.partenaires' doesn't exist
[2026-03-16 15:44:31] Erreur getSliderImages: SQLSTATE[42S02]: Base table or view not found: 1146 Table 'gscc.slider_accueil' doesn't exist
[2026-03-16 15:44:31] Erreur getPartenairesActifs: SQLSTATE[42S02]: Base table or view not found: 1146 Table 'gscc.partenaires' doesn't exist
[2026-03-16 15:44:31] Erreur getSliderImages: SQLSTATE[42S02]: Base table or view not found: 1146 Table 'gscc.slider_accueil' doesn't exist
[2026-03-16 15:44:31] Erreur getPartenairesActifs: SQLSTATE[42S02]: Base table or view not found: 1146 Table 'gscc.partenaires' doesn't exist
[2026-03-16 15:44:31] Erreur getSliderImages: SQLSTATE[42S02]: Base table or view not found: 1146 Table 'gscc.slider_accueil' doesn't exist
[2026-03-16 15:44:31] Erreur getPartenairesActifs: SQLSTATE[42S02]: Base table or view not found: 1146 Table 'gscc.partenaires' doesn't exist
[2026-03-16 15:44:31] Erreur getSliderImages: SQLSTATE[42S02]: Base table or view not found: 1146 Table 'gscc.slider_accueil' doesn't exist
[2026-03-16 15:44:31] Erreur getPartenairesActifs: SQLSTATE[42S02]: Base table or view not found: 1146 Table 'gscc.partenaires' doesn't exist
[2026-03-16 15:44:31] Erreur getSliderImages: SQLSTATE[42S02]: Base table or view not found: 1146 Table 'gscc.slider_accueil' doesn't exist
[2026-03-16 15:44:31] Erreur getPartenairesActifs: SQLSTATE[42S02]: Base table or view not found: 1146 Table 'gscc.partenaires' doesn't exist
[2026-03-16 15:44:31] Erreur getSliderImages: SQLSTATE[42S02]: Base table or view not found: 1146 Table 'gscc.slider_accueil' doesn't exist
[2026-03-16 15:44:31] Erreur getPartenairesActifs: SQLSTATE[42S02]: Base table or view not found: 1146 Table 'gscc.partenaires' doesn't exist
[2026-03-16 15:44:37] Erreur getSliderImages: SQLSTATE[42S02]: Base table or view not found: 1146 Table 'gscc.slider_accueil' doesn't exist
[2026-03-16 15:44:37] Erreur getPartenairesActifs: SQLSTATE[42S02]: Base table or view not found: 1146 Table 'gscc.partenaires' doesn't exist
[2026-03-16 15:44:37] Erreur getSliderImages: SQLSTATE[42S02]: Base table or view not found: 1146 Table 'gscc.slider_accueil' doesn't exist
[2026-03-16 15:44:37] Erreur getPartenairesActifs: SQLSTATE[42S02]: Base table or view not found: 1146 Table 'gscc.partenaires' doesn't exist
[2026-03-16 15:44:37] Erreur getSliderImages: SQLSTATE[42S02]: Base table or view not found: 1146 Table 'gscc.slider_accueil' doesn't exist
[2026-03-16 15:44:37] Erreur getPartenairesActifs: SQLSTATE[42S02]: Base table or view not found: 1146 Table 'gscc.partenaires' doesn't exist
[2026-03-16 15:44:37] Erreur getSliderImages: SQLSTATE[42S02]: Base table or view not found: 1146 Table 'gscc.slider_accueil' doesn't exist
[2026-03-16 15:44:37] Erreur getPartenairesActifs: SQLSTATE[42S02]: Base table or view not found: 1146 Table 'gscc.partenaires' doesn't exist
[2026-03-16 15:44:58] Erreur getSliderImages: SQLSTATE[42S02]: Base table or view not found: 1146 Table 'gscc.slider_accueil' doesn't exist
[2026-03-16 15:44:58] Erreur getPartenairesActifs: SQLSTATE[42S02]: Base table or view not found: 1146 Table 'gscc.partenaires' doesn't exist
[2026-03-16 15:44:58] Erreur getSliderImages: SQLSTATE[42S02]: Base table or view not found: 1146 Table 'gscc.slider_accueil' doesn't exist
[2026-03-16 15:44:58] Erreur getPartenairesActifs: SQLSTATE[42S02]: Base table or view not found: 1146 Table 'gscc.partenaires' doesn't exist
[2026-03-16 15:44:58] Erreur getSliderImages: SQLSTATE[42S02]: Base table or view not found: 1146 Table 'gscc.slider_accueil' doesn't exist
[2026-03-16 15:44:58] Erreur getPartenairesActifs: SQLSTATE[42S02]: Base table or view not found: 1146 Table 'gscc.partenaires' doesn't exist
[2026-03-16 15:44:58] Erreur getSliderImages: SQLSTATE[42S02]: Base table or view not found: 1146 Table 'gscc.slider_accueil' doesn't exist
[2026-03-16 15:44:58] Erreur getPartenairesActifs: SQLSTATE[42S02]: Base table or view not found: 1146 Table 'gscc.partenaires' doesn't exist
[2026-03-16 15:44:58] Erreur getSliderImages: SQLSTATE[42S02]: Base table or view not found: 1146 Table 'gscc.slider_accueil' doesn't exist
[2026-03-16 15:44:58] Erreur getPartenairesActifs: SQLSTATE[42S02]: Base table or view not found: 1146 Table 'gscc.partenaires' doesn't exist
[2026-03-16 15:44:58] Erreur getSliderImages: SQLSTATE[42S02]: Base table or view not found: 1146 Table 'gscc.slider_accueil' doesn't exist
[2026-03-16 15:44:58] Erreur getPartenairesActifs: SQLSTATE[42S02]: Base table or view not found: 1146 Table 'gscc.partenaires' doesn't exist
[2026-03-16 15:44:58] Erreur getSliderImages: SQLSTATE[42S02]: Base table or view not found: 1146 Table 'gscc.slider_accueil' doesn't exist
[2026-03-16 15:44:58] Erreur getPartenairesActifs: SQLSTATE[42S02]: Base table or view not found: 1146 Table 'gscc.partenaires' doesn't exist
[2026-03-16 15:44:58] Erreur getSliderImages: SQLSTATE[42S02]: Base table or view not found: 1146 Table 'gscc.slider_accueil' doesn't exist
[2026-03-16 15:44:58] Erreur getPartenairesActifs: SQLSTATE[42S02]: Base table or view not found: 1146 Table 'gscc.partenaires' doesn't exist
[2026-03-16 15:44:58] Erreur getSliderImages: SQLSTATE[42S02]: Base table or view not found: 1146 Table 'gscc.slider_accueil' doesn't exist
[2026-03-16 15:44:58] Erreur getPartenairesActifs: SQLSTATE[42S02]: Base table or view not found: 1146 Table 'gscc.partenaires' doesn't exist
[2026-03-16 15:44:58] Erreur getSliderImages: SQLSTATE[42S02]: Base table or view not found: 1146 Table 'gscc.slider_accueil' doesn't exist
[2026-03-16 15:44:58] Erreur getPartenairesActifs: SQLSTATE[42S02]: Base table or view not found: 1146 Table 'gscc.partenaires' doesn't exist
[2026-03-16 15:44:58] Erreur getSliderImages: SQLSTATE[42S02]: Base table or view not found: 1146 Table 'gscc.slider_accueil' doesn't exist
[2026-03-16 15:44:58] Erreur getPartenairesActifs: SQLSTATE[42S02]: Base table or view not found: 1146 Table 'gscc.partenaires' doesn't exist
[2026-03-16 15:44:58] Erreur getSliderImages: SQLSTATE[42S02]: Base table or view not found: 1146 Table 'gscc.slider_accueil' doesn't exist
[2026-03-16 15:44:58] Erreur getPartenairesActifs: SQLSTATE[42S02]: Base table or view not found: 1146 Table 'gscc.partenaires' doesn't exist
[2026-03-16 15:44:58] Erreur getSliderImages: SQLSTATE[42S02]: Base table or view not found: 1146 Table 'gscc.slider_accueil' doesn't exist
[2026-03-16 15:44:58] Erreur getPartenairesActifs: SQLSTATE[42S02]: Base table or view not found: 1146 Table 'gscc.partenaires' doesn't exist
[2026-03-16 15:45:02] Erreur getSliderImages: SQLSTATE[42S02]: Base table or view not found: 1146 Table 'gscc.slider_accueil' doesn't exist
[2026-03-16 15:45:02] Erreur getPartenairesActifs: SQLSTATE[42S02]: Base table or view not found: 1146 Table 'gscc.partenaires' doesn't exist
[2026-03-16 15:45:02] Erreur getSliderImages: SQLSTATE[42S02]: Base table or view not found: 1146 Table 'gscc.slider_accueil' doesn't exist
[2026-03-16 15:45:02] Erreur getPartenairesActifs: SQLSTATE[42S02]: Base table or view not found: 1146 Table 'gscc.partenaires' doesn't exist
[2026-03-16 15:45:02] Erreur getSliderImages: SQLSTATE[42S02]: Base table or view not found: 1146 Table 'gscc.slider_accueil' doesn't exist
[2026-03-16 15:45:02] Erreur getPartenairesActifs: SQLSTATE[42S02]: Base table or view not found: 1146 Table 'gscc.partenaires' doesn't exist
[2026-03-16 15:45:02] Erreur getSliderImages: SQLSTATE[42S02]: Base table or view not found: 1146 Table 'gscc.slider_accueil' doesn't exist
[2026-03-16 15:45:02] Erreur getPartenairesActifs: SQLSTATE[42S02]: Base table or view not found: 1146 Table 'gscc.partenaires' doesn't exist
[2026-03-16 15:45:05] Erreur getSliderImages: SQLSTATE[42S02]: Base table or view not found: 1146 Table 'gscc.slider_accueil' doesn't exist
[2026-03-16 15:45:05] Erreur getPartenairesActifs: SQLSTATE[42S02]: Base table or view not found: 1146 Table 'gscc.partenaires' doesn't exist
[2026-03-16 15:45:05] Erreur getSliderImages: SQLSTATE[42S02]: Base table or view not found: 1146 Table 'gscc.slider_accueil' doesn't exist
[2026-03-16 15:45:05] Erreur getPartenairesActifs: SQLSTATE[42S02]: Base table or view not found: 1146 Table 'gscc.partenaires' doesn't exist
[2026-03-16 15:45:05] Erreur getSliderImages: SQLSTATE[42S02]: Base table or view not found: 1146 Table 'gscc.slider_accueil' doesn't exist
[2026-03-16 15:45:05] Erreur getPartenairesActifs: SQLSTATE[42S02]: Base table or view not found: 1146 Table 'gscc.partenaires' doesn't exist
[2026-03-16 15:45:05] Erreur getSliderImages: SQLSTATE[42S02]: Base table or view not found: 1146 Table 'gscc.slider_accueil' doesn't exist
[2026-03-16 15:45:05] Erreur getPartenairesActifs: SQLSTATE[42S02]: Base table or view not found: 1146 Table 'gscc.partenaires' doesn't exist
[2026-03-16 15:45:05] Erreur getSliderImages: SQLSTATE[42S02]: Base table or view not found: 1146 Table 'gscc.slider_accueil' doesn't exist
[2026-03-16 15:45:05] Erreur getPartenairesActifs: SQLSTATE[42S02]: Base table or view not found: 1146 Table 'gscc.partenaires' doesn't exist
[2026-03-16 15:45:05] Erreur getSliderImages: SQLSTATE[42S02]: Base table or view not found: 1146 Table 'gscc.slider_accueil' doesn't exist
[2026-03-16 15:45:05] Erreur getPartenairesActifs: SQLSTATE[42S02]: Base table or view not found: 1146 Table 'gscc.partenaires' doesn't exist
[2026-03-16 15:45:05] Erreur getSliderImages: SQLSTATE[42S02]: Base table or view not found: 1146 Table 'gscc.slider_accueil' doesn't exist
[2026-03-16 15:45:05] Erreur getPartenairesActifs: SQLSTATE[42S02]: Base table or view not found: 1146 Table 'gscc.partenaires' doesn't exist
[2026-03-16 15:45:05] Erreur getSliderImages: SQLSTATE[42S02]: Base table or view not found: 1146 Table 'gscc.slider_accueil' doesn't exist
[2026-03-16 15:45:05] Erreur getPartenairesActifs: SQLSTATE[42S02]: Base table or view not found: 1146 Table 'gscc.partenaires' doesn't exist
[2026-03-16 15:45:05] Erreur getSliderImages: SQLSTATE[42S02]: Base table or view not found: 1146 Table 'gscc.slider_accueil' doesn't exist
[2026-03-16 15:45:05] Erreur getPartenairesActifs: SQLSTATE[42S02]: Base table or view not found: 1146 Table 'gscc.partenaires' doesn't exist
[2026-03-16 15:45:05] Erreur getSliderImages: SQLSTATE[42S02]: Base table or view not found: 1146 Table 'gscc.slider_accueil' doesn't exist
[2026-03-16 15:45:05] Erreur getPartenairesActifs: SQLSTATE[42S02]: Base table or view not found: 1146 Table 'gscc.partenaires' doesn't exist
[2026-03-16 15:45:05] Erreur getSliderImages: SQLSTATE[42S02]: Base table or view not found: 1146 Table 'gscc.slider_accueil' doesn't exist
[2026-03-16 15:45:05] Erreur getPartenairesActifs: SQLSTATE[42S02]: Base table or view not found: 1146 Table 'gscc.partenaires' doesn't exist
[2026-03-16 15:45:05] Erreur getSliderImages: SQLSTATE[42S02]: Base table or view not found: 1146 Table 'gscc.slider_accueil' doesn't exist
[2026-03-16 15:45:05] Erreur getPartenairesActifs: SQLSTATE[42S02]: Base table or view not found: 1146 Table 'gscc.partenaires' doesn't exist
[2026-03-16 15:45:06] Erreur getSliderImages: SQLSTATE[42S02]: Base table or view not found: 1146 Table 'gscc.slider_accueil' doesn't exist
[2026-03-16 15:45:06] Erreur getPartenairesActifs: SQLSTATE[42S02]: Base table or view not found: 1146 Table 'gscc.partenaires' doesn't exist
[2026-03-16 15:45:06] Erreur getSliderImages: SQLSTATE[42S02]: Base table or view not found: 1146 Table 'gscc.slider_accueil' doesn't exist
[2026-03-16 15:45:06] Erreur getPartenairesActifs: SQLSTATE[42S02]: Base table or view not found: 1146 Table 'gscc.partenaires' doesn't exist
[2026-03-16 15:45:06] Erreur getSliderImages: SQLSTATE[42S02]: Base table or view not found: 1146 Table 'gscc.slider_accueil' doesn't exist
[2026-03-16 15:45:06] Erreur getPartenairesActifs: SQLSTATE[42S02]: Base table or view not found: 1146 Table 'gscc.partenaires' doesn't exist
[2026-03-16 15:45:06] Erreur getSliderImages: SQLSTATE[42S02]: Base table or view not found: 1146 Table 'gscc.slider_accueil' doesn't exist
[2026-03-16 15:45:06] Erreur getPartenairesActifs: SQLSTATE[42S02]: Base table or view not found: 1146 Table 'gscc.partenaires' doesn't exist
[2026-03-16 15:45:26] Erreur getSliderImages: SQLSTATE[42S02]: Base table or view not found: 1146 Table 'gscc.slider_accueil' doesn't exist
[2026-03-16 15:45:26] Erreur getPartenairesActifs: SQLSTATE[42S02]: Base table or view not found: 1146 Table 'gscc.partenaires' doesn't exist
[2026-03-16 15:45:27] Erreur getSliderImages: SQLSTATE[42S02]: Base table or view not found: 1146 Table 'gscc.slider_accueil' doesn't exist
[2026-03-16 15:45:27] Erreur getPartenairesActifs: SQLSTATE[42S02]: Base table or view not found: 1146 Table 'gscc.partenaires' doesn't exist
[2026-03-16 15:45:27] Erreur getSliderImages: SQLSTATE[42S02]: Base table or view not found: 1146 Table 'gscc.slider_accueil' doesn't exist
[2026-03-16 15:45:27] Erreur getPartenairesActifs: SQLSTATE[42S02]: Base table or view not found: 1146 Table 'gscc.partenaires' doesn't exist
[2026-03-16 15:45:27] Erreur getSliderImages: SQLSTATE[42S02]: Base table or view not found: 1146 Table 'gscc.slider_accueil' doesn't exist
[2026-03-16 15:45:27] Erreur getPartenairesActifs: SQLSTATE[42S02]: Base table or view not found: 1146 Table 'gscc.partenaires' doesn't exist
[2026-03-16 15:45:27] Erreur getSliderImages: SQLSTATE[42S02]: Base table or view not found: 1146 Table 'gscc.slider_accueil' doesn't exist
[2026-03-16 15:45:27] Erreur getPartenairesActifs: SQLSTATE[42S02]: Base table or view not found: 1146 Table 'gscc.partenaires' doesn't exist
[2026-03-16 15:45:27] Erreur getSliderImages: SQLSTATE[42S02]: Base table or view not found: 1146 Table 'gscc.slider_accueil' doesn't exist
[2026-03-16 15:45:27] Erreur getPartenairesActifs: SQLSTATE[42S02]: Base table or view not found: 1146 Table 'gscc.partenaires' doesn't exist
[2026-03-16 15:45:27] Erreur getSliderImages: SQLSTATE[42S02]: Base table or view not found: 1146 Table 'gscc.slider_accueil' doesn't exist
[2026-03-16 15:45:27] Erreur getPartenairesActifs: SQLSTATE[42S02]: Base table or view not found: 1146 Table 'gscc.partenaires' doesn't exist
[2026-03-16 15:45:27] Erreur getSliderImages: SQLSTATE[42S02]: Base table or view not found: 1146 Table 'gscc.slider_accueil' doesn't exist
[2026-03-16 15:45:27] Erreur getPartenairesActifs: SQLSTATE[42S02]: Base table or view not found: 1146 Table 'gscc.partenaires' doesn't exist
[2026-03-16 15:45:27] Erreur getSliderImages: SQLSTATE[42S02]: Base table or view not found: 1146 Table 'gscc.slider_accueil' doesn't exist
[2026-03-16 15:45:27] Erreur getPartenairesActifs: SQLSTATE[42S02]: Base table or view not found: 1146 Table 'gscc.partenaires' doesn't exist
[2026-03-16 15:45:27] Erreur getSliderImages: SQLSTATE[42S02]: Base table or view not found: 1146 Table 'gscc.slider_accueil' doesn't exist
[2026-03-16 15:45:27] Erreur getPartenairesActifs: SQLSTATE[42S02]: Base table or view not found: 1146 Table 'gscc.partenaires' doesn't exist
[2026-03-16 15:45:27] Erreur getSliderImages: SQLSTATE[42S02]: Base table or view not found: 1146 Table 'gscc.slider_accueil' doesn't exist
[2026-03-16 15:45:27] Erreur getPartenairesActifs: SQLSTATE[42S02]: Base table or view not found: 1146 Table 'gscc.partenaires' doesn't exist
[2026-03-16 15:45:27] Erreur getSliderImages: SQLSTATE[42S02]: Base table or view not found: 1146 Table 'gscc.slider_accueil' doesn't exist
[2026-03-16 15:45:27] Erreur getPartenairesActifs: SQLSTATE[42S02]: Base table or view not found: 1146 Table 'gscc.partenaires' doesn't exist
[2026-03-16 15:48:01] Erreur getSliderImages: SQLSTATE[42S02]: Base table or view not found: 1146 Table 'gscc.slider_accueil' doesn't exist
[2026-03-16 15:48:01] Erreur getPartenairesActifs: SQLSTATE[42S02]: Base table or view not found: 1146 Table 'gscc.partenaires' doesn't exist
[2026-03-16 15:48:11] Erreur getSliderImages: SQLSTATE[42S02]: Base table or view not found: 1146 Table 'gscc.slider_accueil' doesn't exist
[2026-03-16 15:48:11] Erreur getPartenairesActifs: SQLSTATE[42S02]: Base table or view not found: 1146 Table 'gscc.partenaires' doesn't exist
[2026-03-16 15:48:54] Erreur getSliderImages: SQLSTATE[42S02]: Base table or view not found: 1146 Table 'gscc.slider_accueil' doesn't exist
[2026-03-16 15:48:54] Erreur getPartenairesActifs: SQLSTATE[42S02]: Base table or view not found: 1146 Table 'gscc.partenaires' doesn't exist
[2026-03-16 15:51:58] Erreur getSliderImages: SQLSTATE[42S02]: Base table or view not found: 1146 Table 'gscc.slider_accueil' doesn't exist
[2026-03-16 15:51:58] Erreur getPartenairesActifs: SQLSTATE[42S02]: Base table or view not found: 1146 Table 'gscc.partenaires' doesn't exist
[2026-03-16 15:51:58] Erreur getSliderImages: SQLSTATE[42S02]: Base table or view not found: 1146 Table 'gscc.slider_accueil' doesn't exist
[2026-03-16 15:51:58] Erreur getPartenairesActifs: SQLSTATE[42S02]: Base table or view not found: 1146 Table 'gscc.partenaires' doesn't exist
[2026-03-16 15:51:58] Erreur getSliderImages: SQLSTATE[42S02]: Base table or view not found: 1146 Table 'gscc.slider_accueil' doesn't exist
[2026-03-16 15:51:58] Erreur getPartenairesActifs: SQLSTATE[42S02]: Base table or view not found: 1146 Table 'gscc.partenaires' doesn't exist
[2026-03-16 15:51:58] Erreur getSliderImages: SQLSTATE[42S02]: Base table or view not found: 1146 Table 'gscc.slider_accueil' doesn't exist
[2026-03-16 15:51:58] Erreur getPartenairesActifs: SQLSTATE[42S02]: Base table or view not found: 1146 Table 'gscc.partenaires' doesn't exist
[2026-03-16 15:51:58] Erreur getSliderImages: SQLSTATE[42S02]: Base table or view not found: 1146 Table 'gscc.slider_accueil' doesn't exist
[2026-03-16 15:51:58] Erreur getPartenairesActifs: SQLSTATE[42S02]: Base table or view not found: 1146 Table 'gscc.partenaires' doesn't exist
[2026-03-16 15:51:58] Erreur getSliderImages: SQLSTATE[42S02]: Base table or view not found: 1146 Table 'gscc.slider_accueil' doesn't exist
[2026-03-16 15:51:58] Erreur getPartenairesActifs: SQLSTATE[42S02]: Base table or view not found: 1146 Table 'gscc.partenaires' doesn't exist
[2026-03-16 15:51:58] Erreur getSliderImages: SQLSTATE[42S02]: Base table or view not found: 1146 Table 'gscc.slider_accueil' doesn't exist
[2026-03-16 15:51:58] Erreur getPartenairesActifs: SQLSTATE[42S02]: Base table or view not found: 1146 Table 'gscc.partenaires' doesn't exist
[2026-03-16 15:51:58] Erreur getSliderImages: SQLSTATE[42S02]: Base table or view not found: 1146 Table 'gscc.slider_accueil' doesn't exist
[2026-03-16 15:51:58] Erreur getPartenairesActifs: SQLSTATE[42S02]: Base table or view not found: 1146 Table 'gscc.partenaires' doesn't exist
[2026-03-16 15:51:58] Erreur getSliderImages: SQLSTATE[42S02]: Base table or view not found: 1146 Table 'gscc.slider_accueil' doesn't exist
[2026-03-16 15:51:58] Erreur getPartenairesActifs: SQLSTATE[42S02]: Base table or view not found: 1146 Table 'gscc.partenaires' doesn't exist
[2026-03-16 15:51:59] Erreur getSliderImages: SQLSTATE[42S02]: Base table or view not found: 1146 Table 'gscc.slider_accueil' doesn't exist
[2026-03-16 15:51:59] Erreur getPartenairesActifs: SQLSTATE[42S02]: Base table or view not found: 1146 Table 'gscc.partenaires' doesn't exist
[2026-03-16 15:51:59] Erreur getSliderImages: SQLSTATE[42S02]: Base table or view not found: 1146 Table 'gscc.slider_accueil' doesn't exist
[2026-03-16 15:51:59] Erreur getPartenairesActifs: SQLSTATE[42S02]: Base table or view not found: 1146 Table 'gscc.partenaires' doesn't exist
[2026-03-16 15:51:59] Erreur getSliderImages: SQLSTATE[42S02]: Base table or view not found: 1146 Table 'gscc.slider_accueil' doesn't exist
[2026-03-16 15:51:59] Erreur getPartenairesActifs: SQLSTATE[42S02]: Base table or view not found: 1146 Table 'gscc.partenaires' doesn't exist
[2026-03-16 15:52:05] Erreur getSliderImages: SQLSTATE[42S02]: Base table or view not found: 1146 Table 'gscc.slider_accueil' doesn't exist
[2026-03-16 15:52:05] Erreur getPartenairesActifs: SQLSTATE[42S02]: Base table or view not found: 1146 Table 'gscc.partenaires' doesn't exist
[2026-03-16 15:52:05] Erreur getSliderImages: SQLSTATE[42S02]: Base table or view not found: 1146 Table 'gscc.slider_accueil' doesn't exist
[2026-03-16 15:52:05] Erreur getPartenairesActifs: SQLSTATE[42S02]: Base table or view not found: 1146 Table 'gscc.partenaires' doesn't exist
[2026-03-16 15:52:05] Erreur getSliderImages: SQLSTATE[42S02]: Base table or view not found: 1146 Table 'gscc.slider_accueil' doesn't exist
[2026-03-16 15:52:05] Erreur getPartenairesActifs: SQLSTATE[42S02]: Base table or view not found: 1146 Table 'gscc.partenaires' doesn't exist
[2026-03-16 15:52:05] Erreur getSliderImages: SQLSTATE[42S02]: Base table or view not found: 1146 Table 'gscc.slider_accueil' doesn't exist
[2026-03-16 15:52:05] Erreur getPartenairesActifs: SQLSTATE[42S02]: Base table or view not found: 1146 Table 'gscc.partenaires' doesn't exist
[2026-03-16 15:52:05] Erreur getSliderImages: SQLSTATE[42S02]: Base table or view not found: 1146 Table 'gscc.slider_accueil' doesn't exist
[2026-03-16 15:52:05] Erreur getPartenairesActifs: SQLSTATE[42S02]: Base table or view not found: 1146 Table 'gscc.partenaires' doesn't exist
[2026-03-16 15:52:05] Erreur getSliderImages: SQLSTATE[42S02]: Base table or view not found: 1146 Table 'gscc.slider_accueil' doesn't exist
[2026-03-16 15:52:05] Erreur getPartenairesActifs: SQLSTATE[42S02]: Base table or view not found: 1146 Table 'gscc.partenaires' doesn't exist
[2026-03-16 15:52:05] Erreur getSliderImages: SQLSTATE[42S02]: Base table or view not found: 1146 Table 'gscc.slider_accueil' doesn't exist
[2026-03-16 15:52:05] Erreur getPartenairesActifs: SQLSTATE[42S02]: Base table or view not found: 1146 Table 'gscc.partenaires' doesn't exist
[2026-03-16 15:52:05] Erreur getSliderImages: SQLSTATE[42S02]: Base table or view not found: 1146 Table 'gscc.slider_accueil' doesn't exist
[2026-03-16 15:52:05] Erreur getPartenairesActifs: SQLSTATE[42S02]: Base table or view not found: 1146 Table 'gscc.partenaires' doesn't exist
[2026-03-16 15:52:05] Erreur getSliderImages: SQLSTATE[42S02]: Base table or view not found: 1146 Table 'gscc.slider_accueil' doesn't exist
[2026-03-16 15:52:05] Erreur getPartenairesActifs: SQLSTATE[42S02]: Base table or view not found: 1146 Table 'gscc.partenaires' doesn't exist
[2026-03-16 15:52:05] Erreur getSliderImages: SQLSTATE[42S02]: Base table or view not found: 1146 Table 'gscc.slider_accueil' doesn't exist
[2026-03-16 15:52:05] Erreur getPartenairesActifs: SQLSTATE[42S02]: Base table or view not found: 1146 Table 'gscc.partenaires' doesn't exist
[2026-03-16 15:52:05] Erreur getSliderImages: SQLSTATE[42S02]: Base table or view not found: 1146 Table 'gscc.slider_accueil' doesn't exist
[2026-03-16 15:52:05] Erreur getPartenairesActifs: SQLSTATE[42S02]: Base table or view not found: 1146 Table 'gscc.partenaires' doesn't exist
[2026-03-16 15:52:05] Erreur getSliderImages: SQLSTATE[42S02]: Base table or view not found: 1146 Table 'gscc.slider_accueil' doesn't exist
[2026-03-16 15:52:05] Erreur getPartenairesActifs: SQLSTATE[42S02]: Base table or view not found: 1146 Table 'gscc.partenaires' doesn't exist
[2026-03-16 15:55:25] Erreur getSliderImages: SQLSTATE[42S02]: Base table or view not found: 1146 Table 'gscc.slider_accueil' doesn't exist
[2026-03-16 15:55:25] Erreur getPartenairesActifs: SQLSTATE[42S02]: Base table or view not found: 1146 Table 'gscc.partenaires' doesn't exist
[2026-03-16 15:55:34] Erreur getSliderImages: SQLSTATE[42S02]: Base table or view not found: 1146 Table 'gscc.slider_accueil' doesn't exist
[2026-03-16 15:55:34] Erreur getPartenairesActifs: SQLSTATE[42S02]: Base table or view not found: 1146 Table 'gscc.partenaires' doesn't exist
[2026-03-16 15:57:23] Erreur getSliderImages: SQLSTATE[42S02]: Base table or view not found: 1146 Table 'gscc.slider_accueil' doesn't exist
[2026-03-16 15:57:23] Erreur getPartenairesActifs: SQLSTATE[42S02]: Base table or view not found: 1146 Table 'gscc.partenaires' doesn't exist
[2026-03-16 15:57:26] Erreur getSliderImages: SQLSTATE[42S02]: Base table or view not found: 1146 Table 'gscc.slider_accueil' doesn't exist
[2026-03-16 15:57:26] Erreur getPartenairesActifs: SQLSTATE[42S02]: Base table or view not found: 1146 Table 'gscc.partenaires' doesn't exist
[2026-03-16 15:57:51] Erreur getSliderImages: SQLSTATE[42S02]: Base table or view not found: 1146 Table 'gscc.slider_accueil' doesn't exist
[2026-03-16 15:57:51] Erreur getPartenairesActifs: SQLSTATE[42S02]: Base table or view not found: 1146 Table 'gscc.partenaires' doesn't exist
[2026-03-16 15:58:05] Erreur getSliderImages: SQLSTATE[42S02]: Base table or view not found: 1146 Table 'gscc.slider_accueil' doesn't exist
[2026-03-16 15:58:05] Erreur getPartenairesActifs: SQLSTATE[42S02]: Base table or view not found: 1146 Table 'gscc.partenaires' doesn't exist
[2026-03-16 15:59:15] Erreur getSliderImages: SQLSTATE[42S02]: Base table or view not found: 1146 Table 'gscc.slider_accueil' doesn't exist
[2026-03-16 15:59:15] Erreur getPartenairesActifs: SQLSTATE[42S02]: Base table or view not found: 1146 Table 'gscc.partenaires' doesn't exist
[2026-03-16 16:00:11] Erreur getSliderImages: SQLSTATE[42S02]: Base table or view not found: 1146 Table 'gscc.slider_accueil' doesn't exist
[2026-03-16 16:00:11] Erreur getPartenairesActifs: SQLSTATE[42S02]: Base table or view not found: 1146 Table 'gscc.partenaires' doesn't exist
[2026-03-16 16:02:53] Erreur getSliderImages: SQLSTATE[42S02]: Base table or view not found: 1146 Table 'gscc.slider_accueil' doesn't exist
[2026-03-16 16:02:53] Erreur getPartenairesActifs: SQLSTATE[42S02]: Base table or view not found: 1146 Table 'gscc.partenaires' doesn't exist
[2026-03-16 16:44:49] Erreur getSliderImages: SQLSTATE[42S02]: Base table or view not found: 1146 Table 'gscc.slider_accueil' doesn't exist
[2026-03-16 16:44:49] Erreur getPartenairesActifs: SQLSTATE[42S02]: Base table or view not found: 1146 Table 'gscc.partenaires' doesn't exist
[2026-03-16 16:47:22] Erreur getSliderImages: SQLSTATE[42S02]: Base table or view not found: 1146 Table 'gscc.slider_accueil' doesn't exist
[2026-03-16 16:47:22] Erreur getPartenairesActifs: SQLSTATE[42S02]: Base table or view not found: 1146 Table 'gscc.partenaires' doesn't exist
[2026-03-16 16:47:41] Erreur getSliderImages: SQLSTATE[42S02]: Base table or view not found: 1146 Table 'gscc.slider_accueil' doesn't exist
[2026-03-16 16:47:41] Erreur getPartenairesActifs: SQLSTATE[42S02]: Base table or view not found: 1146 Table 'gscc.partenaires' doesn't exist
[2026-03-16 16:50:30] Erreur getSliderImages: SQLSTATE[42S02]: Base table or view not found: 1146 Table 'gscc.slider_accueil' doesn't exist
[2026-03-16 16:50:30] Erreur getPartenairesActifs: SQLSTATE[42S02]: Base table or view not found: 1146 Table 'gscc.partenaires' doesn't exist
[2026-03-16 21:23:57] Erreur getSliderImages: SQLSTATE[42S02]: Base table or view not found: 1146 Table 'gscc.slider_accueil' doesn't exist
[2026-03-16 21:23:57] Erreur getPartenairesActifs: SQLSTATE[42S02]: Base table or view not found: 1146 Table 'gscc.partenaires' doesn't exist
[2026-03-16 21:25:27] Erreur getSliderImages: SQLSTATE[42S02]: Base table or view not found: 1146 Table 'gscc.slider_accueil' doesn't exist
[2026-03-16 21:25:27] Erreur getPartenairesActifs: SQLSTATE[42S02]: Base table or view not found: 1146 Table 'gscc.partenaires' doesn't exist
[2026-03-16 21:26:27] Erreur getSliderImages: SQLSTATE[42S02]: Base table or view not found: 1146 Table 'gscc.slider_accueil' doesn't exist
[2026-03-16 21:26:27] Erreur getPartenairesActifs: SQLSTATE[42S02]: Base table or view not found: 1146 Table 'gscc.partenaires' doesn't exist
[2026-03-16 21:37:04] Erreur getSliderImages: SQLSTATE[42S02]: Base table or view not found: 1146 Table 'gscc.slider_accueil' doesn't exist
[2026-03-16 21:37:04] Erreur getPartenairesActifs: SQLSTATE[42S02]: Base table or view not found: 1146 Table 'gscc.partenaires' doesn't exist
[2026-03-16 21:51:04] Erreur getSliderImages: SQLSTATE[42S02]: Base table or view not found: 1146 Table 'gscc.slider_accueil' doesn't exist
[2026-03-16 21:51:04] Erreur getPartenairesActifs: SQLSTATE[42S02]: Base table or view not found: 1146 Table 'gscc.partenaires' doesn't exist
[2026-03-17 09:04:39] Erreur getSliderImages: SQLSTATE[42S02]: Base table or view not found: 1146 Table 'gscc.slider_accueil' doesn't exist
[2026-03-17 09:04:39] Erreur getPartenairesActifs: SQLSTATE[42S02]: Base table or view not found: 1146 Table 'gscc.partenaires' doesn't exist
[2026-03-17 09:11:33] Erreur getSliderImages: SQLSTATE[42S02]: Base table or view not found: 1146 Table 'gscc.slider_accueil' doesn't exist
[2026-03-17 09:11:33] Erreur getPartenairesActifs: SQLSTATE[42S02]: Base table or view not found: 1146 Table 'gscc.partenaires' doesn't exist
[2026-03-17 09:20:05] Erreur getSliderImages: SQLSTATE[42S02]: Base table or view not found: 1146 Table 'gscc.slider_accueil' doesn't exist
[2026-03-17 09:20:05] Erreur getPartenairesActifs: SQLSTATE[42S02]: Base table or view not found: 1146 Table 'gscc.partenaires' doesn't exist
[2026-03-17 09:20:24] Erreur getSliderImages: SQLSTATE[42S02]: Base table or view not found: 1146 Table 'gscc.slider_accueil' doesn't exist
[2026-03-17 09:20:24] Erreur getPartenairesActifs: SQLSTATE[42S02]: Base table or view not found: 1146 Table 'gscc.partenaires' doesn't exist
[2026-03-17 09:22:29] Erreur getSliderImages: SQLSTATE[42S02]: Base table or view not found: 1146 Table 'gscc.slider_accueil' doesn't exist
[2026-03-17 09:22:29] Erreur getPartenairesActifs: SQLSTATE[42S02]: Base table or view not found: 1146 Table 'gscc.partenaires' doesn't exist
[2026-03-17 09:24:40] Erreur getSliderImages: SQLSTATE[42S02]: Base table or view not found: 1146 Table 'gscc.slider_accueil' doesn't exist
[2026-03-17 09:24:40] Erreur getPartenairesActifs: SQLSTATE[42S02]: Base table or view not found: 1146 Table 'gscc.partenaires' doesn't exist
[2026-03-17 09:35:42] Erreur getSliderImages: SQLSTATE[42S02]: Base table or view not found: 1146 Table 'gscc.slider_accueil' doesn't exist
[2026-03-17 09:35:42] Erreur getPartenairesActifs: SQLSTATE[42S02]: Base table or view not found: 1146 Table 'gscc.partenaires' doesn't exist
[2026-03-17 09:36:05] Erreur getSliderImages: SQLSTATE[42S02]: Base table or view not found: 1146 Table 'gscc.slider_accueil' doesn't exist
[2026-03-17 09:36:05] Erreur getPartenairesActifs: SQLSTATE[42S02]: Base table or view not found: 1146 Table 'gscc.partenaires' doesn't exist
[2026-03-17 09:37:02] Erreur getSliderImages: SQLSTATE[42S02]: Base table or view not found: 1146 Table 'gscc.slider_accueil' doesn't exist
[2026-03-17 09:37:02] Erreur getPartenairesActifs: SQLSTATE[42S02]: Base table or view not found: 1146 Table 'gscc.partenaires' doesn't exist
[2026-03-17 09:39:58] Erreur getSliderImages: SQLSTATE[42S02]: Base table or view not found: 1146 Table 'gscc.slider_accueil' doesn't exist
[2026-03-17 09:39:58] Erreur getPartenairesActifs: SQLSTATE[42S02]: Base table or view not found: 1146 Table 'gscc.partenaires' doesn't exist
[2026-03-17 09:52:02] Erreur getSliderImages: SQLSTATE[42S02]: Base table or view not found: 1146 Table 'gscc.slider_accueil' doesn't exist
[2026-03-17 09:52:02] Erreur getPartenairesActifs: SQLSTATE[42S02]: Base table or view not found: 1146 Table 'gscc.partenaires' doesn't exist
[2026-03-17 09:54:00] Erreur getSliderImages: SQLSTATE[42S02]: Base table or view not found: 1146 Table 'gscc.slider_accueil' doesn't exist
[2026-03-17 09:54:00] Erreur getPartenairesActifs: SQLSTATE[42S02]: Base table or view not found: 1146 Table 'gscc.partenaires' doesn't exist
[2026-03-17 09:58:37] Erreur getSliderImages: SQLSTATE[42S02]: Base table or view not found: 1146 Table 'gscc.slider_accueil' doesn't exist
[2026-03-17 09:58:37] Erreur getPartenairesActifs: SQLSTATE[42S02]: Base table or view not found: 1146 Table 'gscc.partenaires' doesn't exist
[2026-03-17 10:01:39] Erreur getSliderImages: SQLSTATE[42S02]: Base table or view not found: 1146 Table 'gscc.slider_accueil' doesn't exist
[2026-03-17 10:01:39] Erreur getPartenairesActifs: SQLSTATE[42S02]: Base table or view not found: 1146 Table 'gscc.partenaires' doesn't exist
[2026-03-17 10:01:50] Erreur getSliderImages: SQLSTATE[42S02]: Base table or view not found: 1146 Table 'gscc.slider_accueil' doesn't exist
[2026-03-17 10:01:50] Erreur getPartenairesActifs: SQLSTATE[42S02]: Base table or view not found: 1146 Table 'gscc.partenaires' doesn't exist
[2026-03-17 10:22:18] Erreur getSliderImages: SQLSTATE[42S02]: Base table or view not found: 1146 Table 'gscc.slider_accueil' doesn't exist
[2026-03-17 10:22:18] Erreur getPartenairesActifs: SQLSTATE[42S02]: Base table or view not found: 1146 Table 'gscc.partenaires' doesn't exist
[2026-03-17 12:45:06] Erreur getSliderImages: SQLSTATE[42S02]: Base table or view not found: 1146 Table 'gscc.slider_accueil' doesn't exist
[2026-03-17 12:45:06] Erreur getPartenairesActifs: SQLSTATE[42S02]: Base table or view not found: 1146 Table 'gscc.partenaires' doesn't exist
[2026-03-17 12:45:26] Erreur getSliderImages: SQLSTATE[42S02]: Base table or view not found: 1146 Table 'gscc.slider_accueil' doesn't exist
[2026-03-17 12:45:26] Erreur getPartenairesActifs: SQLSTATE[42S02]: Base table or view not found: 1146 Table 'gscc.partenaires' doesn't exist
[2026-03-17 14:25:28] Erreur getSliderImages: SQLSTATE[42S02]: Base table or view not found: 1146 Table 'gscc.slider_accueil' doesn't exist
[2026-03-17 14:25:28] Erreur getPartenairesActifs: SQLSTATE[42S02]: Base table or view not found: 1146 Table 'gscc.partenaires' doesn't exist
[2026-03-17 14:25:34] Erreur getSliderImages: SQLSTATE[42S02]: Base table or view not found: 1146 Table 'gscc.slider_accueil' doesn't exist
[2026-03-17 14:25:34] Erreur getPartenairesActifs: SQLSTATE[42S02]: Base table or view not found: 1146 Table 'gscc.partenaires' doesn't exist
[2026-03-17 14:33:49] Erreur getSliderImages: SQLSTATE[42S02]: Base table or view not found: 1146 Table 'gscc.slider_accueil' doesn't exist
[2026-03-17 14:33:49] Erreur getPartenairesActifs: SQLSTATE[42S02]: Base table or view not found: 1146 Table 'gscc.partenaires' doesn't exist
[2026-03-17 14:44:55] Erreur getSliderImages: SQLSTATE[42S02]: Base table or view not found: 1146 Table 'gscc.slider_accueil' doesn't exist
[2026-03-17 14:44:55] Erreur getPartenairesActifs: SQLSTATE[42S02]: Base table or view not found: 1146 Table 'gscc.partenaires' doesn't exist
[2026-03-17 15:02:13] Erreur getSliderImages: SQLSTATE[42S02]: Base table or view not found: 1146 Table 'gscc.slider_accueil' doesn't exist
[2026-03-17 15:02:13] Erreur getPartenairesActifs: SQLSTATE[42S02]: Base table or view not found: 1146 Table 'gscc.partenaires' doesn't exist
[2026-03-17 15:29:27] Erreur getSliderImages: SQLSTATE[42S02]: Base table or view not found: 1146 Table 'gscc.slider_accueil' doesn't exist
[2026-03-17 15:29:27] Erreur getPartenairesActifs: SQLSTATE[42S02]: Base table or view not found: 1146 Table 'gscc.partenaires' doesn't exist
[2026-03-17 15:35:29] Erreur getSliderImages: SQLSTATE[42S02]: Base table or view not found: 1146 Table 'gscc.slider_accueil' doesn't exist
[2026-03-17 15:35:29] Erreur getPartenairesActifs: SQLSTATE[42S02]: Base table or view not found: 1146 Table 'gscc.partenaires' doesn't exist
[2026-03-17 15:35:41] Erreur getSliderImages: SQLSTATE[42S02]: Base table or view not found: 1146 Table 'gscc.slider_accueil' doesn't exist
[2026-03-17 15:35:41] Erreur getPartenairesActifs: SQLSTATE[42S02]: Base table or view not found: 1146 Table 'gscc.partenaires' doesn't exist
[2026-03-17 15:35:45] Erreur getSliderImages: SQLSTATE[42S02]: Base table or view not found: 1146 Table 'gscc.slider_accueil' doesn't exist
[2026-03-17 15:35:45] Erreur getPartenairesActifs: SQLSTATE[42S02]: Base table or view not found: 1146 Table 'gscc.partenaires' doesn't exist
[2026-03-17 15:35:53] Erreur getSliderImages: SQLSTATE[42S02]: Base table or view not found: 1146 Table 'gscc.slider_accueil' doesn't exist
[2026-03-17 15:35:53] Erreur getPartenairesActifs: SQLSTATE[42S02]: Base table or view not found: 1146 Table 'gscc.partenaires' doesn't exist
[2026-03-17 15:36:03] Erreur getSliderImages: SQLSTATE[42S02]: Base table or view not found: 1146 Table 'gscc.slider_accueil' doesn't exist
[2026-03-17 15:36:03] Erreur getPartenairesActifs: SQLSTATE[42S02]: Base table or view not found: 1146 Table 'gscc.partenaires' doesn't exist
[2026-03-17 15:36:33] Erreur getSliderImages: SQLSTATE[42S02]: Base table or view not found: 1146 Table 'gscc.slider_accueil' doesn't exist
[2026-03-17 15:36:33] Erreur getPartenairesActifs: SQLSTATE[42S02]: Base table or view not found: 1146 Table 'gscc.partenaires' doesn't exist
[2026-03-17 15:36:42] Erreur getSliderImages: SQLSTATE[42S02]: Base table or view not found: 1146 Table 'gscc.slider_accueil' doesn't exist
[2026-03-17 15:36:42] Erreur getPartenairesActifs: SQLSTATE[42S02]: Base table or view not found: 1146 Table 'gscc.partenaires' doesn't exist
[2026-03-17 15:40:16] Erreur getSliderImages: SQLSTATE[42S02]: Base table or view not found: 1146 Table 'gscc.slider_accueil' doesn't exist
[2026-03-17 15:40:16] Erreur getPartenairesActifs: SQLSTATE[42S02]: Base table or view not found: 1146 Table 'gscc.partenaires' doesn't exist
[2026-03-17 15:40:20] Erreur getSliderImages: SQLSTATE[42S02]: Base table or view not found: 1146 Table 'gscc.slider_accueil' doesn't exist
[2026-03-17 15:40:20] Erreur getPartenairesActifs: SQLSTATE[42S02]: Base table or view not found: 1146 Table 'gscc.partenaires' doesn't exist
[2026-03-17 15:40:27] Erreur getSliderImages: SQLSTATE[42S02]: Base table or view not found: 1146 Table 'gscc.slider_accueil' doesn't exist
[2026-03-17 15:40:27] Erreur getPartenairesActifs: SQLSTATE[42S02]: Base table or view not found: 1146 Table 'gscc.partenaires' doesn't exist
[2026-03-17 15:40:36] Erreur getSliderImages: SQLSTATE[42S02]: Base table or view not found: 1146 Table 'gscc.slider_accueil' doesn't exist
[2026-03-17 15:40:36] Erreur getPartenairesActifs: SQLSTATE[42S02]: Base table or view not found: 1146 Table 'gscc.partenaires' doesn't exist
[2026-03-17 15:40:42] Erreur getSliderImages: SQLSTATE[42S02]: Base table or view not found: 1146 Table 'gscc.slider_accueil' doesn't exist
[2026-03-17 15:40:42] Erreur getPartenairesActifs: SQLSTATE[42S02]: Base table or view not found: 1146 Table 'gscc.partenaires' doesn't exist
[2026-03-17 15:47:01] Erreur getSliderImages: SQLSTATE[42S02]: Base table or view not found: 1146 Table 'gscc.slider_accueil' doesn't exist
[2026-03-17 15:47:01] Erreur getPartenairesActifs: SQLSTATE[42S02]: Base table or view not found: 1146 Table 'gscc.partenaires' doesn't exist
[2026-03-17 15:47:11] Erreur getSliderImages: SQLSTATE[42S02]: Base table or view not found: 1146 Table 'gscc.slider_accueil' doesn't exist
[2026-03-17 15:47:11] Erreur getPartenairesActifs: SQLSTATE[42S02]: Base table or view not found: 1146 Table 'gscc.partenaires' doesn't exist
[2026-03-17 15:47:53] Erreur getSliderImages: SQLSTATE[42S02]: Base table or view not found: 1146 Table 'gscc.slider_accueil' doesn't exist
[2026-03-17 15:47:53] Erreur getPartenairesActifs: SQLSTATE[42S02]: Base table or view not found: 1146 Table 'gscc.partenaires' doesn't exist
[2026-03-17 16:01:37] Erreur getSliderImages: SQLSTATE[42S02]: Base table or view not found: 1146 Table 'gscc.slider_accueil' doesn't exist
[2026-03-17 16:01:37] Erreur getPartenairesActifs: SQLSTATE[42S02]: Base table or view not found: 1146 Table 'gscc.partenaires' doesn't exist
[2026-03-17 16:06:46] Erreur getSliderImages: SQLSTATE[42S02]: Base table or view not found: 1146 Table 'gscc.slider_accueil' doesn't exist
[2026-03-17 16:06:46] Erreur getPartenairesActifs: SQLSTATE[42S02]: Base table or view not found: 1146 Table 'gscc.partenaires' doesn't exist
[2026-03-17 16:07:52] Erreur getSliderImages: SQLSTATE[42S02]: Base table or view not found: 1146 Table 'gscc.slider_accueil' doesn't exist
[2026-03-17 16:07:52] Erreur getPartenairesActifs: SQLSTATE[42S02]: Base table or view not found: 1146 Table 'gscc.partenaires' doesn't exist
[2026-03-17 16:07:57] Erreur getSliderImages: SQLSTATE[42S02]: Base table or view not found: 1146 Table 'gscc.slider_accueil' doesn't exist
[2026-03-17 16:07:57] Erreur getPartenairesActifs: SQLSTATE[42S02]: Base table or view not found: 1146 Table 'gscc.partenaires' doesn't exist
[2026-03-17 16:08:08] Erreur getSliderImages: SQLSTATE[42S02]: Base table or view not found: 1146 Table 'gscc.slider_accueil' doesn't exist
[2026-03-17 16:08:08] Erreur getPartenairesActifs: SQLSTATE[42S02]: Base table or view not found: 1146 Table 'gscc.partenaires' doesn't exist
[2026-03-17 16:08:11] Erreur getSliderImages: SQLSTATE[42S02]: Base table or view not found: 1146 Table 'gscc.slider_accueil' doesn't exist
[2026-03-17 16:08:11] Erreur getPartenairesActifs: SQLSTATE[42S02]: Base table or view not found: 1146 Table 'gscc.partenaires' doesn't exist
[2026-03-17 16:08:15] Erreur getSliderImages: SQLSTATE[42S02]: Base table or view not found: 1146 Table 'gscc.slider_accueil' doesn't exist
[2026-03-17 16:08:15] Erreur getPartenairesActifs: SQLSTATE[42S02]: Base table or view not found: 1146 Table 'gscc.partenaires' doesn't exist
[2026-03-17 16:08:22] Erreur getSliderImages: SQLSTATE[42S02]: Base table or view not found: 1146 Table 'gscc.slider_accueil' doesn't exist
[2026-03-17 16:08:22] Erreur getPartenairesActifs: SQLSTATE[42S02]: Base table or view not found: 1146 Table 'gscc.partenaires' doesn't exist
[2026-03-17 16:09:55] Erreur getSliderImages: SQLSTATE[42S02]: Base table or view not found: 1146 Table 'gscc.slider_accueil' doesn't exist
[2026-03-17 16:09:55] Erreur getPartenairesActifs: SQLSTATE[42S02]: Base table or view not found: 1146 Table 'gscc.partenaires' doesn't exist
[2026-03-17 16:10:08] Erreur getSliderImages: SQLSTATE[42S02]: Base table or view not found: 1146 Table 'gscc.slider_accueil' doesn't exist
[2026-03-17 16:10:08] Erreur getPartenairesActifs: SQLSTATE[42S02]: Base table or view not found: 1146 Table 'gscc.partenaires' doesn't exist
[2026-03-17 16:11:08] Erreur getSliderImages: SQLSTATE[42S02]: Base table or view not found: 1146 Table 'gscc.slider_accueil' doesn't exist
[2026-03-17 16:11:08] Erreur getPartenairesActifs: SQLSTATE[42S02]: Base table or view not found: 1146 Table 'gscc.partenaires' doesn't exist
[2026-03-17 16:11:14] Erreur getSliderImages: SQLSTATE[42S02]: Base table or view not found: 1146 Table 'gscc.slider_accueil' doesn't exist
[2026-03-17 16:11:14] Erreur getPartenairesActifs: SQLSTATE[42S02]: Base table or view not found: 1146 Table 'gscc.partenaires' doesn't exist
[2026-03-17 16:12:52] Erreur getSliderImages: SQLSTATE[42S02]: Base table or view not found: 1146 Table 'gscc.slider_accueil' doesn't exist
[2026-03-17 16:12:52] Erreur getPartenairesActifs: SQLSTATE[42S02]: Base table or view not found: 1146 Table 'gscc.partenaires' doesn't exist
[2026-03-17 16:13:20] Erreur getSliderImages: SQLSTATE[42S02]: Base table or view not found: 1146 Table 'gscc.slider_accueil' doesn't exist
[2026-03-17 16:13:20] Erreur getPartenairesActifs: SQLSTATE[42S02]: Base table or view not found: 1146 Table 'gscc.partenaires' doesn't exist
[2026-03-17 16:15:26] Erreur getSliderImages: SQLSTATE[42S02]: Base table or view not found: 1146 Table 'gscc.slider_accueil' doesn't exist
[2026-03-17 16:15:26] Erreur getPartenairesActifs: SQLSTATE[42S02]: Base table or view not found: 1146 Table 'gscc.partenaires' doesn't exist
[2026-03-17 20:02:42] Erreur getSliderImages: SQLSTATE[42S02]: Base table or view not found: 1146 Table 'gscc.slider_accueil' doesn't exist
[2026-03-17 20:02:42] Erreur getPartenairesActifs: SQLSTATE[42S02]: Base table or view not found: 1146 Table 'gscc.partenaires' doesn't exist
[2026-03-17 20:03:28] Erreur getSliderImages: SQLSTATE[42S02]: Base table or view not found: 1146 Table 'gscc.slider_accueil' doesn't exist
[2026-03-17 20:03:28] Erreur getPartenairesActifs: SQLSTATE[42S02]: Base table or view not found: 1146 Table 'gscc.partenaires' doesn't exist
[2026-03-17 20:15:07] Erreur getSliderImages: SQLSTATE[42S02]: Base table or view not found: 1146 Table 'gscc.slider_accueil' doesn't exist
[2026-03-17 20:15:07] Erreur getPartenairesActifs: SQLSTATE[42S02]: Base table or view not found: 1146 Table 'gscc.partenaires' doesn't exist
[2026-03-17 20:15:13] Erreur getSliderImages: SQLSTATE[42S02]: Base table or view not found: 1146 Table 'gscc.slider_accueil' doesn't exist
[2026-03-17 20:15:13] Erreur getPartenairesActifs: SQLSTATE[42S02]: Base table or view not found: 1146 Table 'gscc.partenaires' doesn't exist
[2026-03-17 20:15:27] Erreur getSliderImages: SQLSTATE[42S02]: Base table or view not found: 1146 Table 'gscc.slider_accueil' doesn't exist
[2026-03-17 20:15:27] Erreur getPartenairesActifs: SQLSTATE[42S02]: Base table or view not found: 1146 Table 'gscc.partenaires' doesn't exist
[2026-03-17 20:15:34] Erreur getSliderImages: SQLSTATE[42S02]: Base table or view not found: 1146 Table 'gscc.slider_accueil' doesn't exist
[2026-03-17 20:15:34] Erreur getPartenairesActifs: SQLSTATE[42S02]: Base table or view not found: 1146 Table 'gscc.partenaires' doesn't exist
[2026-03-17 20:25:46] Erreur getSliderImages: SQLSTATE[42S02]: Base table or view not found: 1146 Table 'gscc.slider_accueil' doesn't exist
[2026-03-17 20:25:46] Erreur getPartenairesActifs: SQLSTATE[42S02]: Base table or view not found: 1146 Table 'gscc.partenaires' doesn't exist
[2026-03-17 20:25:58] Erreur getSliderImages: SQLSTATE[42S02]: Base table or view not found: 1146 Table 'gscc.slider_accueil' doesn't exist
[2026-03-17 20:25:58] Erreur getPartenairesActifs: SQLSTATE[42S02]: Base table or view not found: 1146 Table 'gscc.partenaires' doesn't exist
[2026-03-17 20:26:07] Erreur getSliderImages: SQLSTATE[42S02]: Base table or view not found: 1146 Table 'gscc.slider_accueil' doesn't exist
[2026-03-17 20:26:07] Erreur getPartenairesActifs: SQLSTATE[42S02]: Base table or view not found: 1146 Table 'gscc.partenaires' doesn't exist
[2026-03-17 20:26:22] Erreur getSliderImages: SQLSTATE[42S02]: Base table or view not found: 1146 Table 'gscc.slider_accueil' doesn't exist
[2026-03-17 20:26:22] Erreur getPartenairesActifs: SQLSTATE[42S02]: Base table or view not found: 1146 Table 'gscc.partenaires' doesn't exist
[2026-03-17 20:26:40] Erreur getSliderImages: SQLSTATE[42S02]: Base table or view not found: 1146 Table 'gscc.slider_accueil' doesn't exist
[2026-03-17 20:26:40] Erreur getPartenairesActifs: SQLSTATE[42S02]: Base table or view not found: 1146 Table 'gscc.partenaires' doesn't exist
[2026-03-17 20:26:47] Erreur getSliderImages: SQLSTATE[42S02]: Base table or view not found: 1146 Table 'gscc.slider_accueil' doesn't exist
[2026-03-17 20:26:47] Erreur getPartenairesActifs: SQLSTATE[42S02]: Base table or view not found: 1146 Table 'gscc.partenaires' doesn't exist
[2026-03-17 20:26:54] Erreur getSliderImages: SQLSTATE[42S02]: Base table or view not found: 1146 Table 'gscc.slider_accueil' doesn't exist
[2026-03-17 20:26:54] Erreur getPartenairesActifs: SQLSTATE[42S02]: Base table or view not found: 1146 Table 'gscc.partenaires' doesn't exist
[2026-03-17 20:26:59] Erreur getSliderImages: SQLSTATE[42S02]: Base table or view not found: 1146 Table 'gscc.slider_accueil' doesn't exist
[2026-03-17 20:26:59] Erreur getPartenairesActifs: SQLSTATE[42S02]: Base table or view not found: 1146 Table 'gscc.partenaires' doesn't exist
[2026-03-17 20:27:04] Erreur getSliderImages: SQLSTATE[42S02]: Base table or view not found: 1146 Table 'gscc.slider_accueil' doesn't exist
[2026-03-17 20:27:04] Erreur getPartenairesActifs: SQLSTATE[42S02]: Base table or view not found: 1146 Table 'gscc.partenaires' doesn't exist
[2026-03-17 20:27:30] Erreur getSliderImages: SQLSTATE[42S02]: Base table or view not found: 1146 Table 'gscc.slider_accueil' doesn't exist
[2026-03-17 20:27:30] Erreur getPartenairesActifs: SQLSTATE[42S02]: Base table or view not found: 1146 Table 'gscc.partenaires' doesn't exist
[2026-03-17 20:27:37] Erreur getSliderImages: SQLSTATE[42S02]: Base table or view not found: 1146 Table 'gscc.slider_accueil' doesn't exist
[2026-03-17 20:27:37] Erreur getPartenairesActifs: SQLSTATE[42S02]: Base table or view not found: 1146 Table 'gscc.partenaires' doesn't exist
[2026-03-17 20:28:34] Erreur getSliderImages: SQLSTATE[42S02]: Base table or view not found: 1146 Table 'gscc.slider_accueil' doesn't exist
[2026-03-17 20:28:34] Erreur getPartenairesActifs: SQLSTATE[42S02]: Base table or view not found: 1146 Table 'gscc.partenaires' doesn't exist
[2026-03-17 20:29:16] Erreur getSliderImages: SQLSTATE[42S02]: Base table or view not found: 1146 Table 'gscc.slider_accueil' doesn't exist
[2026-03-17 20:29:16] Erreur getPartenairesActifs: SQLSTATE[42S02]: Base table or view not found: 1146 Table 'gscc.partenaires' doesn't exist
[2026-03-17 20:29:21] Erreur getSliderImages: SQLSTATE[42S02]: Base table or view not found: 1146 Table 'gscc.slider_accueil' doesn't exist
[2026-03-17 20:29:21] Erreur getPartenairesActifs: SQLSTATE[42S02]: Base table or view not found: 1146 Table 'gscc.partenaires' doesn't exist
[2026-03-17 20:29:38] Erreur getSliderImages: SQLSTATE[42S02]: Base table or view not found: 1146 Table 'gscc.slider_accueil' doesn't exist
[2026-03-17 20:29:38] Erreur getPartenairesActifs: SQLSTATE[42S02]: Base table or view not found: 1146 Table 'gscc.partenaires' doesn't exist
[2026-03-17 20:29:52] Erreur getSliderImages: SQLSTATE[42S02]: Base table or view not found: 1146 Table 'gscc.slider_accueil' doesn't exist
[2026-03-17 20:29:52] Erreur getPartenairesActifs: SQLSTATE[42S02]: Base table or view not found: 1146 Table 'gscc.partenaires' doesn't exist
[2026-03-17 22:21:30] Erreur getSliderImages: SQLSTATE[42S02]: Base table or view not found: 1146 Table 'gscc.slider_accueil' doesn't exist
[2026-03-17 22:21:30] Erreur getPartenairesActifs: SQLSTATE[42S02]: Base table or view not found: 1146 Table 'gscc.partenaires' doesn't exist
[2026-03-17 22:22:24] Erreur getSliderImages: SQLSTATE[42S02]: Base table or view not found: 1146 Table 'gscc.slider_accueil' doesn't exist
[2026-03-17 22:22:24] Erreur getPartenairesActifs: SQLSTATE[42S02]: Base table or view not found: 1146 Table 'gscc.partenaires' doesn't exist
[2026-03-17 22:24:01] Erreur getSliderImages: SQLSTATE[42S02]: Base table or view not found: 1146 Table 'gscc.slider_accueil' doesn't exist
[2026-03-17 22:24:01] Erreur getPartenairesActifs: SQLSTATE[42S02]: Base table or view not found: 1146 Table 'gscc.partenaires' doesn't exist
[2026-03-17 22:34:03] Erreur getSliderImages: SQLSTATE[42S02]: Base table or view not found: 1146 Table 'gscc.slider_accueil' doesn't exist
[2026-03-17 22:34:03] Erreur getPartenairesActifs: SQLSTATE[42S02]: Base table or view not found: 1146 Table 'gscc.partenaires' doesn't exist
[2026-03-17 23:23:21] Erreur getSliderImages: SQLSTATE[42S02]: Base table or view not found: 1146 Table 'gscc.slider_accueil' doesn't exist
[2026-03-17 23:23:21] Erreur getPartenairesActifs: SQLSTATE[42S02]: Base table or view not found: 1146 Table 'gscc.partenaires' doesn't exist
[2026-03-17 23:24:04] Erreur getSliderImages: SQLSTATE[42S02]: Base table or view not found: 1146 Table 'gscc.slider_accueil' doesn't exist
[2026-03-17 23:24:04] Erreur getPartenairesActifs: SQLSTATE[42S02]: Base table or view not found: 1146 Table 'gscc.partenaires' doesn't exist
[2026-03-17 23:24:22] Erreur getSliderImages: SQLSTATE[42S02]: Base table or view not found: 1146 Table 'gscc.slider_accueil' doesn't exist
[2026-03-17 23:24:22] Erreur getPartenairesActifs: SQLSTATE[42S02]: Base table or view not found: 1146 Table 'gscc.partenaires' doesn't exist
[2026-03-17 23:27:24] Erreur getSliderImages: SQLSTATE[42S02]: Base table or view not found: 1146 Table 'gscc.slider_accueil' doesn't exist
[2026-03-17 23:27:24] Erreur getPartenairesActifs: SQLSTATE[42S02]: Base table or view not found: 1146 Table 'gscc.partenaires' doesn't exist
[2026-03-18 08:43:32] Erreur getSliderImages: SQLSTATE[42S02]: Base table or view not found: 1146 Table 'gscc.slider_accueil' doesn't exist
[2026-03-18 08:43:32] Erreur getPartenairesActifs: SQLSTATE[42S02]: Base table or view not found: 1146 Table 'gscc.partenaires' doesn't exist
[2026-03-18 08:43:42] Erreur getSliderImages: SQLSTATE[42S02]: Base table or view not found: 1146 Table 'gscc.slider_accueil' doesn't exist
[2026-03-18 08:43:42] Erreur getPartenairesActifs: SQLSTATE[42S02]: Base table or view not found: 1146 Table 'gscc.partenaires' doesn't exist
[2026-03-18 08:47:49] Erreur getSliderImages: SQLSTATE[42S02]: Base table or view not found: 1146 Table 'gscc.slider_accueil' doesn't exist
[2026-03-18 08:47:49] Erreur getPartenairesActifs: SQLSTATE[42S02]: Base table or view not found: 1146 Table 'gscc.partenaires' doesn't exist
[2026-03-18 08:53:36] Erreur getSliderImages: SQLSTATE[42S02]: Base table or view not found: 1146 Table 'gscc.slider_accueil' doesn't exist
[2026-03-18 08:53:36] Erreur getPartenairesActifs: SQLSTATE[42S02]: Base table or view not found: 1146 Table 'gscc.partenaires' doesn't exist
[2026-03-18 08:53:53] Erreur getSliderImages: SQLSTATE[42S02]: Base table or view not found: 1146 Table 'gscc.slider_accueil' doesn't exist
[2026-03-18 08:53:53] Erreur getPartenairesActifs: SQLSTATE[42S02]: Base table or view not found: 1146 Table 'gscc.partenaires' doesn't exist
[2026-03-18 09:56:33] Erreur getSliderImages: SQLSTATE[42S02]: Base table or view not found: 1146 Table 'gscc.slider_accueil' doesn't exist
[2026-03-18 09:56:33] Erreur getPartenairesActifs: SQLSTATE[42S02]: Base table or view not found: 1146 Table 'gscc.partenaires' doesn't exist
[2026-03-18 09:58:04] Erreur getSliderImages: SQLSTATE[42S02]: Base table or view not found: 1146 Table 'gscc.slider_accueil' doesn't exist
[2026-03-18 09:58:04] Erreur getPartenairesActifs: SQLSTATE[42S02]: Base table or view not found: 1146 Table 'gscc.partenaires' doesn't exist
[2026-03-18 09:58:16] Erreur getSliderImages: SQLSTATE[42S02]: Base table or view not found: 1146 Table 'gscc.slider_accueil' doesn't exist
[2026-03-18 09:58:16] Erreur getPartenairesActifs: SQLSTATE[42S02]: Base table or view not found: 1146 Table 'gscc.partenaires' doesn't exist
[2026-03-18 09:58:51] Erreur getSliderImages: SQLSTATE[42S02]: Base table or view not found: 1146 Table 'gscc.slider_accueil' doesn't exist
[2026-03-18 09:58:51] Erreur getPartenairesActifs: SQLSTATE[42S02]: Base table or view not found: 1146 Table 'gscc.partenaires' doesn't exist
[2026-03-18 09:59:08] Erreur getSliderImages: SQLSTATE[42S02]: Base table or view not found: 1146 Table 'gscc.slider_accueil' doesn't exist
[2026-03-18 09:59:08] Erreur getPartenairesActifs: SQLSTATE[42S02]: Base table or view not found: 1146 Table 'gscc.partenaires' doesn't exist
[2026-03-18 09:59:37] Erreur getSliderImages: SQLSTATE[42S02]: Base table or view not found: 1146 Table 'gscc.slider_accueil' doesn't exist
[2026-03-18 09:59:37] Erreur getPartenairesActifs: SQLSTATE[42S02]: Base table or view not found: 1146 Table 'gscc.partenaires' doesn't exist
[2026-03-18 10:00:28] Erreur getSliderImages: SQLSTATE[42S02]: Base table or view not found: 1146 Table 'gscc.slider_accueil' doesn't exist
[2026-03-18 10:00:28] Erreur getPartenairesActifs: SQLSTATE[42S02]: Base table or view not found: 1146 Table 'gscc.partenaires' doesn't exist
[2026-03-18 10:01:15] Erreur getSliderImages: SQLSTATE[42S02]: Base table or view not found: 1146 Table 'gscc.slider_accueil' doesn't exist
[2026-03-18 10:01:15] Erreur getPartenairesActifs: SQLSTATE[42S02]: Base table or view not found: 1146 Table 'gscc.partenaires' doesn't exist
[2026-03-18 10:01:23] Erreur getSliderImages: SQLSTATE[42S02]: Base table or view not found: 1146 Table 'gscc.slider_accueil' doesn't exist
[2026-03-18 10:01:23] Erreur getPartenairesActifs: SQLSTATE[42S02]: Base table or view not found: 1146 Table 'gscc.partenaires' doesn't exist
[2026-03-18 10:01:36] Erreur getSliderImages: SQLSTATE[42S02]: Base table or view not found: 1146 Table 'gscc.slider_accueil' doesn't exist
[2026-03-18 10:01:36] Erreur getPartenairesActifs: SQLSTATE[42S02]: Base table or view not found: 1146 Table 'gscc.partenaires' doesn't exist
[2026-03-18 10:02:08] Erreur getSliderImages: SQLSTATE[42S02]: Base table or view not found: 1146 Table 'gscc.slider_accueil' doesn't exist
[2026-03-18 10:02:08] Erreur getPartenairesActifs: SQLSTATE[42S02]: Base table or view not found: 1146 Table 'gscc.partenaires' doesn't exist
[2026-03-18 10:02:24] Erreur getSliderImages: SQLSTATE[42S02]: Base table or view not found: 1146 Table 'gscc.slider_accueil' doesn't exist
[2026-03-18 10:02:24] Erreur getPartenairesActifs: SQLSTATE[42S02]: Base table or view not found: 1146 Table 'gscc.partenaires' doesn't exist
[2026-03-18 10:02:54] Erreur getSliderImages: SQLSTATE[42S02]: Base table or view not found: 1146 Table 'gscc.slider_accueil' doesn't exist
[2026-03-18 10:02:54] Erreur getPartenairesActifs: SQLSTATE[42S02]: Base table or view not found: 1146 Table 'gscc.partenaires' doesn't exist
[2026-03-18 10:02:59] Erreur getSliderImages: SQLSTATE[42S02]: Base table or view not found: 1146 Table 'gscc.slider_accueil' doesn't exist
[2026-03-18 10:02:59] Erreur getPartenairesActifs: SQLSTATE[42S02]: Base table or view not found: 1146 Table 'gscc.partenaires' doesn't exist
[2026-03-18 10:04:25] Erreur getSliderImages: SQLSTATE[42S02]: Base table or view not found: 1146 Table 'gscc.slider_accueil' doesn't exist
[2026-03-18 10:04:25] Erreur getPartenairesActifs: SQLSTATE[42S02]: Base table or view not found: 1146 Table 'gscc.partenaires' doesn't exist
[2026-03-18 10:06:40] Erreur getSliderImages: SQLSTATE[42S02]: Base table or view not found: 1146 Table 'gscc.slider_accueil' doesn't exist
[2026-03-18 10:06:40] Erreur getPartenairesActifs: SQLSTATE[42S02]: Base table or view not found: 1146 Table 'gscc.partenaires' doesn't exist
[2026-03-18 10:14:24] Erreur getSliderImages: SQLSTATE[42S02]: Base table or view not found: 1146 Table 'gscc.slider_accueil' doesn't exist
[2026-03-18 10:14:24] Erreur getPartenairesActifs: SQLSTATE[42S02]: Base table or view not found: 1146 Table 'gscc.partenaires' doesn't exist
[2026-03-18 10:16:19] Erreur getSliderImages: SQLSTATE[42S02]: Base table or view not found: 1146 Table 'gscc.slider_accueil' doesn't exist
[2026-03-18 10:16:19] Erreur getPartenairesActifs: SQLSTATE[42S02]: Base table or view not found: 1146 Table 'gscc.partenaires' doesn't exist
[2026-03-18 10:28:04] Erreur getSliderImages: SQLSTATE[42S02]: Base table or view not found: 1146 Table 'gscc.slider_accueil' doesn't exist
[2026-03-18 10:28:04] Erreur getPartenairesActifs: SQLSTATE[42S02]: Base table or view not found: 1146 Table 'gscc.partenaires' doesn't exist
[2026-03-18 15:29:56] Erreur getSliderImages: SQLSTATE[42S02]: Base table or view not found: 1146 Table 'gscc.slider_accueil' doesn't exist
[2026-03-18 15:29:56] Erreur getPartenairesActifs: SQLSTATE[42S02]: Base table or view not found: 1146 Table 'gscc.partenaires' doesn't exist
[2026-03-18 15:30:05] Erreur getSliderImages: SQLSTATE[42S02]: Base table or view not found: 1146 Table 'gscc.slider_accueil' doesn't exist
[2026-03-18 15:30:05] Erreur getPartenairesActifs: SQLSTATE[42S02]: Base table or view not found: 1146 Table 'gscc.partenaires' doesn't exist
[2026-03-18 15:30:18] Erreur getSliderImages: SQLSTATE[42S02]: Base table or view not found: 1146 Table 'gscc.slider_accueil' doesn't exist
[2026-03-18 15:30:18] Erreur getPartenairesActifs: SQLSTATE[42S02]: Base table or view not found: 1146 Table 'gscc.partenaires' doesn't exist
[2026-03-18 15:30:44] Erreur getSliderImages: SQLSTATE[42S02]: Base table or view not found: 1146 Table 'gscc.slider_accueil' doesn't exist
[2026-03-18 15:30:44] Erreur getPartenairesActifs: SQLSTATE[42S02]: Base table or view not found: 1146 Table 'gscc.partenaires' doesn't exist
[2026-03-18 15:30:57] Erreur getSliderImages: SQLSTATE[42S02]: Base table or view not found: 1146 Table 'gscc.slider_accueil' doesn't exist
[2026-03-18 15:30:57] Erreur getPartenairesActifs: SQLSTATE[42S02]: Base table or view not found: 1146 Table 'gscc.partenaires' doesn't exist
[2026-03-18 15:31:23] Erreur getSliderImages: SQLSTATE[42S02]: Base table or view not found: 1146 Table 'gscc.slider_accueil' doesn't exist
[2026-03-18 15:31:23] Erreur getPartenairesActifs: SQLSTATE[42S02]: Base table or view not found: 1146 Table 'gscc.partenaires' doesn't exist
[2026-03-18 15:31:38] Erreur getSliderImages: SQLSTATE[42S02]: Base table or view not found: 1146 Table 'gscc.slider_accueil' doesn't exist
[2026-03-18 15:31:38] Erreur getPartenairesActifs: SQLSTATE[42S02]: Base table or view not found: 1146 Table 'gscc.partenaires' doesn't exist
[2026-03-18 15:32:45] Erreur getSliderImages: SQLSTATE[42S02]: Base table or view not found: 1146 Table 'gscc.slider_accueil' doesn't exist
[2026-03-18 15:32:45] Erreur getPartenairesActifs: SQLSTATE[42S02]: Base table or view not found: 1146 Table 'gscc.partenaires' doesn't exist
[2026-03-18 15:36:29] Erreur getSliderImages: SQLSTATE[42S02]: Base table or view not found: 1146 Table 'gscc.slider_accueil' doesn't exist
[2026-03-18 15:36:29] Erreur getPartenairesActifs: SQLSTATE[42S02]: Base table or view not found: 1146 Table 'gscc.partenaires' doesn't exist
[2026-03-18 15:49:24] Erreur getSliderImages: SQLSTATE[42S02]: Base table or view not found: 1146 Table 'gscc.slider_accueil' doesn't exist
[2026-03-18 15:49:24] Erreur getPartenairesActifs: SQLSTATE[42S02]: Base table or view not found: 1146 Table 'gscc.partenaires' doesn't exist
[2026-03-18 15:49:32] Erreur getSliderImages: SQLSTATE[42S02]: Base table or view not found: 1146 Table 'gscc.slider_accueil' doesn't exist
[2026-03-18 15:49:32] Erreur getPartenairesActifs: SQLSTATE[42S02]: Base table or view not found: 1146 Table 'gscc.partenaires' doesn't exist
[2026-03-18 15:49:47] Erreur getSliderImages: SQLSTATE[42S02]: Base table or view not found: 1146 Table 'gscc.slider_accueil' doesn't exist
[2026-03-18 15:49:47] Erreur getPartenairesActifs: SQLSTATE[42S02]: Base table or view not found: 1146 Table 'gscc.partenaires' doesn't exist
[2026-03-18 15:50:52] Erreur partenaires.php: SQLSTATE[42S02]: Base table or view not found: 1146 Table 'gscc.partenaires' doesn't exist
[2026-03-18 15:57:28] Erreur getSliderImages: SQLSTATE[42S02]: Base table or view not found: 1146 Table 'gscc.slider_accueil' doesn't exist
[2026-03-18 15:57:28] Erreur getPartenairesActifs: SQLSTATE[42S02]: Base table or view not found: 1146 Table 'gscc.partenaires' doesn't exist
[2026-03-18 16:02:30] Erreur getSliderImages: SQLSTATE[42S02]: Base table or view not found: 1146 Table 'gscc.slider_accueil' doesn't exist
[2026-03-18 16:02:30] Erreur getPartenairesActifs: SQLSTATE[42S02]: Base table or view not found: 1146 Table 'gscc.partenaires' doesn't exist
[2026-03-18 16:04:29] Erreur getSliderImages: SQLSTATE[42S02]: Base table or view not found: 1146 Table 'gscc.slider_accueil' doesn't exist
[2026-03-18 16:04:29] Erreur getPartenairesActifs: SQLSTATE[42S02]: Base table or view not found: 1146 Table 'gscc.partenaires' doesn't exist
[2026-03-18 16:04:35] Erreur getSliderImages: SQLSTATE[42S02]: Base table or view not found: 1146 Table 'gscc.slider_accueil' doesn't exist
[2026-03-18 16:04:35] Erreur getPartenairesActifs: SQLSTATE[42S02]: Base table or view not found: 1146 Table 'gscc.partenaires' doesn't exist
[2026-03-18 16:05:38] Erreur getSliderImages: SQLSTATE[42S02]: Base table or view not found: 1146 Table 'gscc.slider_accueil' doesn't exist
[2026-03-18 16:05:38] Erreur getPartenairesActifs: SQLSTATE[42S02]: Base table or view not found: 1146 Table 'gscc.partenaires' doesn't exist
[2026-03-18 16:06:22] Erreur getSliderImages: SQLSTATE[42S02]: Base table or view not found: 1146 Table 'gscc.slider_accueil' doesn't exist
[2026-03-18 16:06:23] Erreur getPartenairesActifs: SQLSTATE[42S02]: Base table or view not found: 1146 Table 'gscc.partenaires' doesn't exist
[2026-03-18 16:09:36] Erreur getSliderImages: SQLSTATE[42S02]: Base table or view not found: 1146 Table 'gscc.slider_accueil' doesn't exist
[2026-03-18 16:09:36] Erreur getPartenairesActifs: SQLSTATE[42S02]: Base table or view not found: 1146 Table 'gscc.partenaires' doesn't exist
[2026-03-18 16:26:07] Erreur getSliderImages: SQLSTATE[42S02]: Base table or view not found: 1146 Table 'gscc.slider_accueil' doesn't exist
[2026-03-18 16:26:07] Erreur getPartenairesActifs: SQLSTATE[42S02]: Base table or view not found: 1146 Table 'gscc.partenaires' doesn't exist
[2026-03-18 16:28:12] Erreur getSliderImages: SQLSTATE[42S02]: Base table or view not found: 1146 Table 'gscc.slider_accueil' doesn't exist
[2026-03-18 16:28:12] Erreur getPartenairesActifs: SQLSTATE[42S02]: Base table or view not found: 1146 Table 'gscc.partenaires' doesn't exist
[2026-03-18 16:28:32] Erreur getSliderImages: SQLSTATE[42S02]: Base table or view not found: 1146 Table 'gscc.slider_accueil' doesn't exist
[2026-03-18 16:28:32] Erreur getPartenairesActifs: SQLSTATE[42S02]: Base table or view not found: 1146 Table 'gscc.partenaires' doesn't exist
[2026-03-18 16:28:40] Erreur getSliderImages: SQLSTATE[42S02]: Base table or view not found: 1146 Table 'gscc.slider_accueil' doesn't exist
[2026-03-18 16:28:40] Erreur getPartenairesActifs: SQLSTATE[42S02]: Base table or view not found: 1146 Table 'gscc.partenaires' doesn't exist
[2026-03-18 16:29:21] Erreur getSliderImages: SQLSTATE[42S02]: Base table or view not found: 1146 Table 'gscc.slider_accueil' doesn't exist
[2026-03-18 16:29:21] Erreur getPartenairesActifs: SQLSTATE[42S02]: Base table or view not found: 1146 Table 'gscc.partenaires' doesn't exist
[2026-03-18 16:29:33] Erreur getSliderImages: SQLSTATE[42S02]: Base table or view not found: 1146 Table 'gscc.slider_accueil' doesn't exist
[2026-03-18 16:29:33] Erreur getPartenairesActifs: SQLSTATE[42S02]: Base table or view not found: 1146 Table 'gscc.partenaires' doesn't exist
[2026-03-18 16:32:04] Erreur getSliderImages: SQLSTATE[42S02]: Base table or view not found: 1146 Table 'gscc.slider_accueil' doesn't exist
[2026-03-18 16:32:04] Erreur getPartenairesActifs: SQLSTATE[42S02]: Base table or view not found: 1146 Table 'gscc.partenaires' doesn't exist
[2026-03-18 16:33:09] Erreur getSliderImages: SQLSTATE[42S02]: Base table or view not found: 1146 Table 'gscc.slider_accueil' doesn't exist
[2026-03-18 16:33:09] Erreur getPartenairesActifs: SQLSTATE[42S02]: Base table or view not found: 1146 Table 'gscc.partenaires' doesn't exist
[2026-03-19 09:16:03] Erreur getSliderImages: SQLSTATE[42S02]: Base table or view not found: 1146 Table 'gscc.slider_accueil' doesn't exist
[2026-03-19 09:16:03] Erreur getPartenairesActifs: SQLSTATE[42S02]: Base table or view not found: 1146 Table 'gscc.partenaires' doesn't exist
[2026-03-19 23:53:49] Erreur getSliderImages: SQLSTATE[42S02]: Base table or view not found: 1146 Table 'gscc.slider_accueil' doesn't exist
[2026-03-19 23:53:49] Erreur getPartenairesActifs: SQLSTATE[42S02]: Base table or view not found: 1146 Table 'gscc.partenaires' doesn't exist
[2026-03-20 16:03:43] Erreur getSliderImages: SQLSTATE[42S02]: Base table or view not found: 1146 Table 'gscc.slider_accueil' doesn't exist
[2026-03-20 16:03:43] Erreur getPartenairesActifs: SQLSTATE[42S02]: Base table or view not found: 1146 Table 'gscc.partenaires' doesn't exist
[2026-03-20 16:04:56] PHPMailer erreur: SMTP Error: data not accepted.
[2026-03-20 16:15:00] PHPMailer erreur: SMTP Error: data not accepted.
[2026-03-20 16:18:20] PHPMailer erreur: SMTP Error: data not accepted.
[2026-03-20 16:28:09] PHPMailer erreur: SMTP Error: data not accepted.
[2026-03-20 16:28:29] Erreur getSliderImages: SQLSTATE[42S02]: Base table or view not found: 1146 Table 'gscc.slider_accueil' doesn't exist
[2026-03-20 16:28:29] Erreur getPartenairesActifs: SQLSTATE[42S02]: Base table or view not found: 1146 Table 'gscc.partenaires' doesn't exist
[2026-03-20 16:28:55] PHPMailer erreur: SMTP Error: data not accepted.
[2026-03-20 16:35:55] Erreur getSliderImages: SQLSTATE[42S02]: Base table or view not found: 1146 Table 'gscc.slider_accueil' doesn't exist
[2026-03-20 16:35:55] Erreur getPartenairesActifs: SQLSTATE[42S02]: Base table or view not found: 1146 Table 'gscc.partenaires' doesn't exist
[2026-03-20 16:36:22] PHPMailer erreur: SMTP Error: data not accepted.
[2026-03-21 15:35:09] Erreur getSliderImages: SQLSTATE[42S02]: Base table or view not found: 1146 Table 'gscc.slider_accueil' doesn't exist
[2026-03-21 15:35:09] Erreur getPartenairesActifs: SQLSTATE[42S02]: Base table or view not found: 1146 Table 'gscc.partenaires' doesn't exist
[2026-03-21 15:36:09] PHPMailer erreur: SMTP Error: data not accepted.
[2026-03-21 15:41:54] Erreur getSliderImages: SQLSTATE[42S02]: Base table or view not found: 1146 Table 'gscc.slider_accueil' doesn't exist
[2026-03-21 15:41:54] Erreur getPartenairesActifs: SQLSTATE[42S02]: Base table or view not found: 1146 Table 'gscc.partenaires' doesn't exist
[2026-03-21 15:42:33] SMTP DEBUG: Connection: opening to ssl://smtp.mail.yahoo.com:465, timeout=300, options=array (
  'ssl' => 
  array (
    'verify_peer' => false,
    'verify_peer_name' => false,
    'allow_self_signed' => true,
  ),
)
[2026-03-21 15:42:33] SMTP DEBUG: Connection: opened
[2026-03-21 15:42:33] SMTP DEBUG: SERVER -> CLIENT: 220 smtp.mail.yahoo.com ESMTP ready
[2026-03-21 15:42:33] SMTP DEBUG: CLIENT -> SERVER: EHLO localhost
[2026-03-21 15:42:34] SMTP DEBUG: SERVER -> CLIENT: 250-hermes--production-bf1-697f88457-nlvcm Hello localhost [200.113.253.225])
250-PIPELINING
250-ENHANCEDSTATUSCODES
250-8BITMIME
250-SIZE 41697280
250 AUTH PLAIN LOGIN XOAUTH2 OAUTHBEARER
[2026-03-21 15:42:34] SMTP DEBUG: CLIENT -> SERVER: AUTH LOGIN
[2026-03-21 15:42:34] SMTP DEBUG: SERVER -> CLIENT: 334 VXNlcm5hbWU6
[2026-03-21 15:42:34] SMTP DEBUG: CLIENT -> SERVER: [credentials hidden]
[2026-03-21 15:42:34] SMTP DEBUG: SERVER -> CLIENT: 334 UGFzc3dvcmQ6
[2026-03-21 15:42:34] SMTP DEBUG: CLIENT -> SERVER: [credentials hidden]
[2026-03-21 15:42:35] SMTP DEBUG: SERVER -> CLIENT: 235 2.7.0 Authentication successful
[2026-03-21 15:42:35] SMTP DEBUG: CLIENT -> SERVER: MAIL FROM:<gscchaiti@yahoo.fr>
[2026-03-21 15:42:35] SMTP DEBUG: SERVER -> CLIENT: 250 2.1.0 Sender <gscchaiti@yahoo.fr> OK
[2026-03-21 15:42:35] SMTP DEBUG: CLIENT -> SERVER: RCPT TO:<gscchaiti@yahoo.fr>
[2026-03-21 15:42:36] SMTP DEBUG: SERVER -> CLIENT: 250 2.1.5 Recipient <gscchaiti@yahoo.fr> OK
[2026-03-21 15:42:36] SMTP DEBUG: CLIENT -> SERVER: DATA
[2026-03-21 15:42:36] SMTP DEBUG: SERVER -> CLIENT: 354 Ok Send data ending with <CRLF>.<CRLF>
[2026-03-21 15:42:36] SMTP DEBUG: CLIENT -> SERVER: Date: Sat, 21 Mar 2026 15:42:33 -0400
[2026-03-21 15:42:36] SMTP DEBUG: CLIENT -> SERVER: To: GSCC Admin <gscchaiti@yahoo.fr>
[2026-03-21 15:42:36] SMTP DEBUG: CLIENT -> SERVER: From: GSCC Site Web <gscchaiti@yahoo.fr>
[2026-03-21 15:42:36] SMTP DEBUG: CLIENT -> SERVER: Reply-To: Loucerie Jean <louceriejean@gmail.com>
[2026-03-21 15:42:36] SMTP DEBUG: CLIENT -> SERVER: Subject: [GSCC Contact] Probleme
[2026-03-21 15:42:36] SMTP DEBUG: CLIENT -> SERVER: Message-ID: <Ny89kKYjE0VtrQ5gfdENhZJw7fJOHrvaoeYD6K44GXY@localhost>
[2026-03-21 15:42:36] SMTP DEBUG: CLIENT -> SERVER: X-Mailer: PHPMailer 7.0.2 (https://github.com/PHPMailer/PHPMailer)
[2026-03-21 15:42:36] SMTP DEBUG: CLIENT -> SERVER: MIME-Version: 1.0
[2026-03-21 15:42:36] SMTP DEBUG: CLIENT -> SERVER: Content-Type: text/html; charset=UTF-8
[2026-03-21 15:42:36] SMTP DEBUG: CLIENT -> SERVER: Content-Transfer-Encoding: 8bit
[2026-03-21 15:42:36] SMTP DEBUG: CLIENT -> SERVER:
[2026-03-21 15:42:36] SMTP DEBUG: CLIENT -> SERVER:
[2026-03-21 15:42:36] SMTP DEBUG: CLIENT -> SERVER: <!DOCTYPE html>
[2026-03-21 15:42:36] SMTP DEBUG: CLIENT -> SERVER: <html lang="fr">
[2026-03-21 15:42:36] SMTP DEBUG: CLIENT -> SERVER: <head><meta charset="UTF-8"></head>
[2026-03-21 15:42:36] SMTP DEBUG: CLIENT -> SERVER: <body style="font-family:Arial,sans-serif;background:#f3f4f6;margin:0;padding:20px;">
[2026-03-21 15:42:36] SMTP DEBUG: CLIENT -> SERVER:   <div style="max-width:600px;margin:0 auto;background:white;border-radius:12px;overflow:hidden;box-shadow:0 4px 12px rgba(0,0,0,.1);">
[2026-03-21 15:42:36] SMTP DEBUG: CLIENT -> SERVER:     <div style="background:linear-gradient(135deg,#003399,#D94F7A);padding:28px 32px;text-align:center;">
[2026-03-21 15:42:36] SMTP DEBUG: CLIENT -> SERVER:       <h2 style="color:white;margin:0;font-size:1.4rem;">📬 Nouveau message de contact</h2>
[2026-03-21 15:42:36] SMTP DEBUG: CLIENT -> SERVER:       <p style="color:rgba(255,255,255,.85);margin:8px 0 0;font-size:0.9rem;">Reçu le 21/03/2026 à 15:42</p>
[2026-03-21 15:42:36] SMTP DEBUG: CLIENT -> SERVER:     </div>
[2026-03-21 15:42:36] SMTP DEBUG: CLIENT -> SERVER:     <div style="padding:32px;">
[2026-03-21 15:42:36] SMTP DEBUG: CLIENT -> SERVER:       <table style="width:100%;border-collapse:collapse;">
[2026-03-21 15:42:36] SMTP DEBUG: CLIENT -> SERVER:         <tr>
[2026-03-21 15:42:36] SMTP DEBUG: CLIENT -> SERVER:           <td style="padding:10px 0;border-bottom:1px solid #E5E7EB;width:140px;">
[2026-03-21 15:42:36] SMTP DEBUG: CLIENT -> SERVER:             <strong style="color:#003399;">👤 Nom</strong>
[2026-03-21 15:42:36] SMTP DEBUG: CLIENT -> SERVER:           </td>
[2026-03-21 15:42:36] SMTP DEBUG: CLIENT -> SERVER:           <td style="padding:10px 0;border-bottom:1px solid #E5E7EB;color:#1F2937;">
[2026-03-21 15:42:36] SMTP DEBUG: CLIENT -> SERVER:             Loucerie Jean
[2026-03-21 15:42:36] SMTP DEBUG: CLIENT -> SERVER:           </td>
[2026-03-21 15:42:36] SMTP DEBUG: CLIENT -> SERVER:         </tr>
[2026-03-21 15:42:36] SMTP DEBUG: CLIENT -> SERVER:         <tr>
[2026-03-21 15:42:36] SMTP DEBUG: CLIENT -> SERVER:           <td style="padding:10px 0;border-bottom:1px solid #E5E7EB;">
[2026-03-21 15:42:36] SMTP DEBUG: CLIENT -> SERVER:             <strong style="color:#003399;">✉️ Email</strong>
[2026-03-21 15:42:36] SMTP DEBUG: CLIENT -> SERVER:           </td>
[2026-03-21 15:42:36] SMTP DEBUG: CLIENT -> SERVER:           <td style="padding:10px 0;border-bottom:1px solid #E5E7EB;color:#1F2937;">
[2026-03-21 15:42:36] SMTP DEBUG: CLIENT -> SERVER:             <a href="mailto:louceriejean@gmail.com" style="color:#D94F7A;">louceriejean@gmail.com</a>
[2026-03-21 15:42:36] SMTP DEBUG: CLIENT -> SERVER:           </td>
[2026-03-21 15:42:36] SMTP DEBUG: CLIENT -> SERVER:         </tr>
[2026-03-21 15:42:36] SMTP DEBUG: CLIENT -> SERVER:         <tr>
[2026-03-21 15:42:36] SMTP DEBUG: CLIENT -> SERVER:           <td style="padding:10px 0;border-bottom:1px solid #E5E7EB;">
[2026-03-21 15:42:36] SMTP DEBUG: CLIENT -> SERVER:             <strong style="color:#003399;">📞 Téléphone</strong>
[2026-03-21 15:42:36] SMTP DEBUG: CLIENT -> SERVER:           </td>
[2026-03-21 15:42:36] SMTP DEBUG: CLIENT -> SERVER:           <td style="padding:10px 0;border-bottom:1px solid #E5E7EB;color:#1F2937;">+50933647040</td>
[2026-03-21 15:42:36] SMTP DEBUG: CLIENT -> SERVER:         </tr>
[2026-03-21 15:42:36] SMTP DEBUG: CLIENT -> SERVER:         <tr>
[2026-03-21 15:42:36] SMTP DEBUG: CLIENT -> SERVER:           <td style="padding:10px 0;border-bottom:1px solid #E5E7EB;">
[2026-03-21 15:42:36] SMTP DEBUG: CLIENT -> SERVER:             <strong style="color:#003399;">📌 Sujet</strong>
[2026-03-21 15:42:36] SMTP DEBUG: CLIENT -> SERVER:           </td>
[2026-03-21 15:42:36] SMTP DEBUG: CLIENT -> SERVER:           <td style="padding:10px 0;border-bottom:1px solid #E5E7EB;color:#1F2937;">
[2026-03-21 15:42:36] SMTP DEBUG: CLIENT -> SERVER:             Probleme
[2026-03-21 15:42:36] SMTP DEBUG: CLIENT -> SERVER:           </td>
[2026-03-21 15:42:36] SMTP DEBUG: CLIENT -> SERVER:         </tr>
[2026-03-21 15:42:36] SMTP DEBUG: CLIENT -> SERVER:       </table>
[2026-03-21 15:42:36] SMTP DEBUG: CLIENT -> SERVER:
[2026-03-21 15:42:36] SMTP DEBUG: CLIENT -> SERVER:       <div style="margin-top:24px;">
[2026-03-21 15:42:36] SMTP DEBUG: CLIENT -> SERVER:         <p style="color:#003399;font-weight:700;margin-bottom:10px;">💬 Message</p>
[2026-03-21 15:42:36] SMTP DEBUG: CLIENT -> SERVER:         <div style="background:#F9FAFB;border-left:4px solid #D94F7A;padding:16px 20px;border-radius:0 8px 8px 0;color:#374151;line-height:1.7;">
[2026-03-21 15:42:36] SMTP DEBUG: CLIENT -> SERVER:           Haiti
[2026-03-21 15:42:36] SMTP DEBUG: CLIENT -> SERVER:         </div>
[2026-03-21 15:42:36] SMTP DEBUG: CLIENT -> SERVER:       </div>
[2026-03-21 15:42:36] SMTP DEBUG: CLIENT -> SERVER:
[2026-03-21 15:42:36] SMTP DEBUG: CLIENT -> SERVER:       <div style="margin-top:28px;text-align:center;">
[2026-03-21 15:42:36] SMTP DEBUG: CLIENT -> SERVER:         <a href="mailto:louceriejean@gmail.com?subject=Re: Probleme"
[2026-03-21 15:42:36] SMTP DEBUG: CLIENT -> SERVER:            style="display:inline-block;background:#003399;color:white;padding:12px 28px;border-radius:8px;text-decoration:none;font-weight:600;font-size:0.95rem;">
[2026-03-21 15:42:36] SMTP DEBUG: CLIENT -> SERVER:           ↩ Répondre à Loucerie Jean
[2026-03-21 15:42:36] SMTP DEBUG: CLIENT -> SERVER:         </a>
[2026-03-21 15:42:36] SMTP DEBUG: CLIENT -> SERVER:       </div>
[2026-03-21 15:42:36] SMTP DEBUG: CLIENT -> SERVER:     </div>
[2026-03-21 15:42:36] SMTP DEBUG: CLIENT -> SERVER:     <div style="background:#F3F4F6;padding:16px 32px;text-align:center;font-size:12px;color:#6B7280;">
[2026-03-21 15:42:36] SMTP DEBUG: CLIENT -> SERVER:       © 2026 GSCC — Groupe de Support Contre le Cancer
[2026-03-21 15:42:36] SMTP DEBUG: CLIENT -> SERVER:     </div>
[2026-03-21 15:42:36] SMTP DEBUG: CLIENT -> SERVER:   </div>
[2026-03-21 15:42:36] SMTP DEBUG: CLIENT -> SERVER: </body>
[2026-03-21 15:42:36] SMTP DEBUG: CLIENT -> SERVER: </html>
[2026-03-21 15:42:36] SMTP DEBUG: CLIENT -> SERVER:
[2026-03-21 15:42:36] SMTP DEBUG: CLIENT -> SERVER: .
[2026-03-21 15:42:36] SMTP DEBUG: SERVER -> CLIENT: 550 Request failed; Mailbox unavailable
[2026-03-21 15:42:36] SMTP DEBUG: SMTP ERROR: DATA END command failed: 550 Request failed; Mailbox unavailable
[2026-03-21 15:42:36] SMTP DEBUG: SMTP Error: data not accepted.
[2026-03-21 15:42:36] PHPMailer erreur: SMTP Error: data not accepted.
[2026-03-21 15:42:36] SMTP DEBUG: CLIENT -> SERVER: QUIT
[2026-03-21 15:42:36] SMTP DEBUG: SERVER -> CLIENT: 221 Service Closing transmission
[2026-03-21 15:42:36] SMTP DEBUG: Connection: closed
[2026-03-21 15:47:01] Erreur getSliderImages: SQLSTATE[42S02]: Base table or view not found: 1146 Table 'gscc.slider_accueil' doesn't exist
[2026-03-21 15:47:01] Erreur getPartenairesActifs: SQLSTATE[42S02]: Base table or view not found: 1146 Table 'gscc.partenaires' doesn't exist
[2026-03-21 15:47:43] SMTP DEBUG: Connection: opening to ssl://smtp.mail.yahoo.fr:465, timeout=300, options=array (
  'ssl' => 
  array (
    'verify_peer' => false,
    'verify_peer_name' => false,
    'allow_self_signed' => true,
  ),
)
[2026-03-21 15:47:43] SMTP DEBUG: Connection: opened
[2026-03-21 15:47:44] SMTP DEBUG: SERVER -> CLIENT: 220 smtp.mail.yahoo.com ESMTP ready
[2026-03-21 15:47:44] SMTP DEBUG: CLIENT -> SERVER: EHLO localhost
[2026-03-21 15:47:44] SMTP DEBUG: SERVER -> CLIENT: 250-hermes--production-bf1-697f88457-629ff Hello localhost [200.113.253.225])
250-PIPELINING
250-ENHANCEDSTATUSCODES
250-8BITMIME
250-SIZE 41697280
250 AUTH PLAIN LOGIN XOAUTH2 OAUTHBEARER
[2026-03-21 15:47:44] SMTP DEBUG: CLIENT -> SERVER: AUTH LOGIN
[2026-03-21 15:47:44] SMTP DEBUG: SERVER -> CLIENT: 334 VXNlcm5hbWU6
[2026-03-21 15:47:44] SMTP DEBUG: CLIENT -> SERVER: [credentials hidden]
[2026-03-21 15:47:44] SMTP DEBUG: SERVER -> CLIENT: 334 UGFzc3dvcmQ6
[2026-03-21 15:47:44] SMTP DEBUG: CLIENT -> SERVER: [credentials hidden]
[2026-03-21 15:47:45] SMTP DEBUG: SERVER -> CLIENT: 235 2.7.0 Authentication successful
[2026-03-21 15:47:45] SMTP DEBUG: CLIENT -> SERVER: MAIL FROM:<gscchaiti@yahoo.fr>
[2026-03-21 15:47:46] SMTP DEBUG: SERVER -> CLIENT: 250 2.1.0 Sender <gscchaiti@yahoo.fr> OK
[2026-03-21 15:47:46] SMTP DEBUG: CLIENT -> SERVER: RCPT TO:<gscchaiti@yahoo.fr>
[2026-03-21 15:47:46] SMTP DEBUG: SERVER -> CLIENT: 250 2.1.5 Recipient <gscchaiti@yahoo.fr> OK
[2026-03-21 15:47:46] SMTP DEBUG: CLIENT -> SERVER: DATA
[2026-03-21 15:47:46] SMTP DEBUG: SERVER -> CLIENT: 354 Ok Send data ending with <CRLF>.<CRLF>
[2026-03-21 15:47:46] SMTP DEBUG: CLIENT -> SERVER: Date: Sat, 21 Mar 2026 15:47:43 -0400
[2026-03-21 15:47:46] SMTP DEBUG: CLIENT -> SERVER: To: GSCC Admin <gscchaiti@yahoo.fr>
[2026-03-21 15:47:46] SMTP DEBUG: CLIENT -> SERVER: From: GSCC Site Web <gscchaiti@yahoo.fr>
[2026-03-21 15:47:46] SMTP DEBUG: CLIENT -> SERVER: Reply-To: Falandy JEAN <jeanfalandy@gmail.com>
[2026-03-21 15:47:46] SMTP DEBUG: CLIENT -> SERVER: Subject: [GSCC Contact] Probleme
[2026-03-21 15:47:46] SMTP DEBUG: CLIENT -> SERVER: Message-ID: <n1FrWNblIInFxLMgAL4dyyyiKFHwLHG3kR7gUIwDE@localhost>
[2026-03-21 15:47:46] SMTP DEBUG: CLIENT -> SERVER: X-Mailer: PHPMailer 7.0.2 (https://github.com/PHPMailer/PHPMailer)
[2026-03-21 15:47:46] SMTP DEBUG: CLIENT -> SERVER: MIME-Version: 1.0
[2026-03-21 15:47:46] SMTP DEBUG: CLIENT -> SERVER: Content-Type: text/html; charset=UTF-8
[2026-03-21 15:47:46] SMTP DEBUG: CLIENT -> SERVER: Content-Transfer-Encoding: 8bit
[2026-03-21 15:47:46] SMTP DEBUG: CLIENT -> SERVER:
[2026-03-21 15:47:46] SMTP DEBUG: CLIENT -> SERVER:
[2026-03-21 15:47:46] SMTP DEBUG: CLIENT -> SERVER: <!DOCTYPE html>
[2026-03-21 15:47:46] SMTP DEBUG: CLIENT -> SERVER: <html lang="fr">
[2026-03-21 15:47:46] SMTP DEBUG: CLIENT -> SERVER: <head><meta charset="UTF-8"></head>
[2026-03-21 15:47:46] SMTP DEBUG: CLIENT -> SERVER: <body style="font-family:Arial,sans-serif;background:#f3f4f6;margin:0;padding:20px;">
[2026-03-21 15:47:46] SMTP DEBUG: CLIENT -> SERVER:   <div style="max-width:600px;margin:0 auto;background:white;border-radius:12px;overflow:hidden;box-shadow:0 4px 12px rgba(0,0,0,.1);">
[2026-03-21 15:47:46] SMTP DEBUG: CLIENT -> SERVER:     <div style="background:linear-gradient(135deg,#003399,#D94F7A);padding:28px 32px;text-align:center;">
[2026-03-21 15:47:46] SMTP DEBUG: CLIENT -> SERVER:       <h2 style="color:white;margin:0;font-size:1.4rem;">📬 Nouveau message de contact</h2>
[2026-03-21 15:47:46] SMTP DEBUG: CLIENT -> SERVER:       <p style="color:rgba(255,255,255,.85);margin:8px 0 0;font-size:0.9rem;">Reçu le 21/03/2026 à 15:47</p>
[2026-03-21 15:47:46] SMTP DEBUG: CLIENT -> SERVER:     </div>
[2026-03-21 15:47:46] SMTP DEBUG: CLIENT -> SERVER:     <div style="padding:32px;">
[2026-03-21 15:47:46] SMTP DEBUG: CLIENT -> SERVER:       <table style="width:100%;border-collapse:collapse;">
[2026-03-21 15:47:46] SMTP DEBUG: CLIENT -> SERVER:         <tr>
[2026-03-21 15:47:46] SMTP DEBUG: CLIENT -> SERVER:           <td style="padding:10px 0;border-bottom:1px solid #E5E7EB;width:140px;">
[2026-03-21 15:47:46] SMTP DEBUG: CLIENT -> SERVER:             <strong style="color:#003399;">👤 Nom</strong>
[2026-03-21 15:47:46] SMTP DEBUG: CLIENT -> SERVER:           </td>
[2026-03-21 15:47:46] SMTP DEBUG: CLIENT -> SERVER:           <td style="padding:10px 0;border-bottom:1px solid #E5E7EB;color:#1F2937;">
[2026-03-21 15:47:46] SMTP DEBUG: CLIENT -> SERVER:             Falandy JEAN
[2026-03-21 15:47:46] SMTP DEBUG: CLIENT -> SERVER:           </td>
[2026-03-21 15:47:46] SMTP DEBUG: CLIENT -> SERVER:         </tr>
[2026-03-21 15:47:46] SMTP DEBUG: CLIENT -> SERVER:         <tr>
[2026-03-21 15:47:46] SMTP DEBUG: CLIENT -> SERVER:           <td style="padding:10px 0;border-bottom:1px solid #E5E7EB;">
[2026-03-21 15:47:46] SMTP DEBUG: CLIENT -> SERVER:             <strong style="color:#003399;">✉️ Email</strong>
[2026-03-21 15:47:46] SMTP DEBUG: CLIENT -> SERVER:           </td>
[2026-03-21 15:47:46] SMTP DEBUG: CLIENT -> SERVER:           <td style="padding:10px 0;border-bottom:1px solid #E5E7EB;color:#1F2937;">
[2026-03-21 15:47:46] SMTP DEBUG: CLIENT -> SERVER:             <a href="mailto:jeanfalandy@gmail.com" style="color:#D94F7A;">jeanfalandy@gmail.com</a>
[2026-03-21 15:47:46] SMTP DEBUG: CLIENT -> SERVER:           </td>
[2026-03-21 15:47:46] SMTP DEBUG: CLIENT -> SERVER:         </tr>
[2026-03-21 15:47:46] SMTP DEBUG: CLIENT -> SERVER:         <tr>
[2026-03-21 15:47:46] SMTP DEBUG: CLIENT -> SERVER:           <td style="padding:10px 0;border-bottom:1px solid #E5E7EB;">
[2026-03-21 15:47:46] SMTP DEBUG: CLIENT -> SERVER:             <strong style="color:#003399;">📞 Téléphone</strong>
[2026-03-21 15:47:46] SMTP DEBUG: CLIENT -> SERVER:           </td>
[2026-03-21 15:47:46] SMTP DEBUG: CLIENT -> SERVER:           <td style="padding:10px 0;border-bottom:1px solid #E5E7EB;color:#1F2937;">+50933647040</td>
[2026-03-21 15:47:46] SMTP DEBUG: CLIENT -> SERVER:         </tr>
[2026-03-21 15:47:46] SMTP DEBUG: CLIENT -> SERVER:         <tr>
[2026-03-21 15:47:46] SMTP DEBUG: CLIENT -> SERVER:           <td style="padding:10px 0;border-bottom:1px solid #E5E7EB;">
[2026-03-21 15:47:46] SMTP DEBUG: CLIENT -> SERVER:             <strong style="color:#003399;">📌 Sujet</strong>
[2026-03-21 15:47:46] SMTP DEBUG: CLIENT -> SERVER:           </td>
[2026-03-21 15:47:46] SMTP DEBUG: CLIENT -> SERVER:           <td style="padding:10px 0;border-bottom:1px solid #E5E7EB;color:#1F2937;">
[2026-03-21 15:47:46] SMTP DEBUG: CLIENT -> SERVER:             Probleme
[2026-03-21 15:47:46] SMTP DEBUG: CLIENT -> SERVER:           </td>
[2026-03-21 15:47:46] SMTP DEBUG: CLIENT -> SERVER:         </tr>
[2026-03-21 15:47:46] SMTP DEBUG: CLIENT -> SERVER:       </table>
[2026-03-21 15:47:46] SMTP DEBUG: CLIENT -> SERVER:
[2026-03-21 15:47:46] SMTP DEBUG: CLIENT -> SERVER:       <div style="margin-top:24px;">
[2026-03-21 15:47:46] SMTP DEBUG: CLIENT -> SERVER:         <p style="color:#003399;font-weight:700;margin-bottom:10px;">💬 Message</p>
[2026-03-21 15:47:46] SMTP DEBUG: CLIENT -> SERVER:         <div style="background:#F9FAFB;border-left:4px solid #D94F7A;padding:16px 20px;border-radius:0 8px 8px 0;color:#374151;line-height:1.7;">
[2026-03-21 15:47:46] SMTP DEBUG: CLIENT -> SERVER:           Trader
[2026-03-21 15:47:46] SMTP DEBUG: CLIENT -> SERVER:         </div>
[2026-03-21 15:47:46] SMTP DEBUG: CLIENT -> SERVER:       </div>
[2026-03-21 15:47:46] SMTP DEBUG: CLIENT -> SERVER:
[2026-03-21 15:47:46] SMTP DEBUG: CLIENT -> SERVER:       <div style="margin-top:28px;text-align:center;">
[2026-03-21 15:47:46] SMTP DEBUG: CLIENT -> SERVER:         <a href="mailto:jeanfalandy@gmail.com?subject=Re: Probleme"
[2026-03-21 15:47:46] SMTP DEBUG: CLIENT -> SERVER:            style="display:inline-block;background:#003399;color:white;padding:12px 28px;border-radius:8px;text-decoration:none;font-weight:600;font-size:0.95rem;">
[2026-03-21 15:47:46] SMTP DEBUG: CLIENT -> SERVER:           ↩ Répondre à Falandy JEAN
[2026-03-21 15:47:46] SMTP DEBUG: CLIENT -> SERVER:         </a>
[2026-03-21 15:47:46] SMTP DEBUG: CLIENT -> SERVER:       </div>
[2026-03-21 15:47:46] SMTP DEBUG: CLIENT -> SERVER:     </div>
[2026-03-21 15:47:46] SMTP DEBUG: CLIENT -> SERVER:     <div style="background:#F3F4F6;padding:16px 32px;text-align:center;font-size:12px;color:#6B7280;">
[2026-03-21 15:47:46] SMTP DEBUG: CLIENT -> SERVER:       © 2026 GSCC — Groupe de Support Contre le Cancer
[2026-03-21 15:47:46] SMTP DEBUG: CLIENT -> SERVER:     </div>
[2026-03-21 15:47:46] SMTP DEBUG: CLIENT -> SERVER:   </div>
[2026-03-21 15:47:46] SMTP DEBUG: CLIENT -> SERVER: </body>
[2026-03-21 15:47:46] SMTP DEBUG: CLIENT -> SERVER: </html>
[2026-03-21 15:47:46] SMTP DEBUG: CLIENT -> SERVER:
[2026-03-21 15:47:46] SMTP DEBUG: CLIENT -> SERVER: .
[2026-03-21 15:47:46] SMTP DEBUG: SERVER -> CLIENT: 550 Request failed; Mailbox unavailable
[2026-03-21 15:47:46] SMTP DEBUG: SMTP ERROR: DATA END command failed: 550 Request failed; Mailbox unavailable
[2026-03-21 15:47:46] SMTP DEBUG: SMTP Error: data not accepted.
[2026-03-21 15:47:46] PHPMailer erreur: SMTP Error: data not accepted.
[2026-03-21 15:47:46] SMTP DEBUG: CLIENT -> SERVER: QUIT
[2026-03-21 15:47:47] SMTP DEBUG: SERVER -> CLIENT: 221 Service Closing transmission
[2026-03-21 15:47:47] SMTP DEBUG: Connection: closed
[2026-03-21 16:30:47] Erreur getSliderImages: SQLSTATE[42S02]: Base table or view not found: 1146 Table 'gscc.slider_accueil' doesn't exist
[2026-03-21 16:30:47] Erreur getPartenairesActifs: SQLSTATE[42S02]: Base table or view not found: 1146 Table 'gscc.partenaires' doesn't exist
[2026-03-21 16:33:51] Erreur getSliderImages: SQLSTATE[42S02]: Base table or view not found: 1146 Table 'gscc.slider_accueil' doesn't exist
[2026-03-21 16:33:51] Erreur getPartenairesActifs: SQLSTATE[42S02]: Base table or view not found: 1146 Table 'gscc.partenaires' doesn't exist
[2026-03-21 17:04:51] Erreur getSliderImages: SQLSTATE[42S02]: Base table or view not found: 1146 Table 'gscc.slider_accueil' doesn't exist
[2026-03-21 17:04:51] Erreur getPartenairesActifs: SQLSTATE[42S02]: Base table or view not found: 1146 Table 'gscc.partenaires' doesn't exist
[2026-03-21 17:04:55] Erreur getSliderImages: SQLSTATE[42S02]: Base table or view not found: 1146 Table 'gscc.slider_accueil' doesn't exist
[2026-03-21 17:04:55] Erreur getPartenairesActifs: SQLSTATE[42S02]: Base table or view not found: 1146 Table 'gscc.partenaires' doesn't exist
[2026-03-21 17:09:31] Erreur getSliderImages: SQLSTATE[42S02]: Base table or view not found: 1146 Table 'gscc.slider_accueil' doesn't exist
[2026-03-21 17:09:31] Erreur getPartenairesActifs: SQLSTATE[42S02]: Base table or view not found: 1146 Table 'gscc.partenaires' doesn't exist
[2026-03-21 17:09:33] Erreur getSliderImages: SQLSTATE[42S02]: Base table or view not found: 1146 Table 'gscc.slider_accueil' doesn't exist
[2026-03-21 17:09:33] Erreur getPartenairesActifs: SQLSTATE[42S02]: Base table or view not found: 1146 Table 'gscc.partenaires' doesn't exist
[2026-03-21 17:09:48] Erreur getSliderImages: SQLSTATE[42S02]: Base table or view not found: 1146 Table 'gscc.slider_accueil' doesn't exist
[2026-03-21 17:09:48] Erreur getPartenairesActifs: SQLSTATE[42S02]: Base table or view not found: 1146 Table 'gscc.partenaires' doesn't exist
[2026-03-21 17:10:09] Erreur getSliderImages: SQLSTATE[42S02]: Base table or view not found: 1146 Table 'gscc.slider_accueil' doesn't exist
[2026-03-21 17:10:09] Erreur getPartenairesActifs: SQLSTATE[42S02]: Base table or view not found: 1146 Table 'gscc.partenaires' doesn't exist
[2026-03-21 17:11:42] Erreur getSliderImages: SQLSTATE[42S02]: Base table or view not found: 1146 Table 'gscc.slider_accueil' doesn't exist
[2026-03-21 17:11:42] Erreur getPartenairesActifs: SQLSTATE[42S02]: Base table or view not found: 1146 Table 'gscc.partenaires' doesn't exist
[2026-03-21 17:11:58] Erreur getSliderImages: SQLSTATE[42S02]: Base table or view not found: 1146 Table 'gscc.slider_accueil' doesn't exist
[2026-03-21 17:11:58] Erreur getPartenairesActifs: SQLSTATE[42S02]: Base table or view not found: 1146 Table 'gscc.partenaires' doesn't exist
[2026-03-21 17:12:06] Erreur getSliderImages: SQLSTATE[42S02]: Base table or view not found: 1146 Table 'gscc.slider_accueil' doesn't exist
[2026-03-21 17:12:06] Erreur getPartenairesActifs: SQLSTATE[42S02]: Base table or view not found: 1146 Table 'gscc.partenaires' doesn't exist
[2026-03-21 17:12:20] Erreur getSliderImages: SQLSTATE[42S02]: Base table or view not found: 1146 Table 'gscc.slider_accueil' doesn't exist
[2026-03-21 17:12:20] Erreur getPartenairesActifs: SQLSTATE[42S02]: Base table or view not found: 1146 Table 'gscc.partenaires' doesn't exist
[2026-03-21 17:13:05] Erreur getSliderImages: SQLSTATE[42S02]: Base table or view not found: 1146 Table 'gscc.slider_accueil' doesn't exist
[2026-03-21 17:13:05] Erreur getPartenairesActifs: SQLSTATE[42S02]: Base table or view not found: 1146 Table 'gscc.partenaires' doesn't exist
[2026-03-21 17:13:18] Erreur getSliderImages: SQLSTATE[42S02]: Base table or view not found: 1146 Table 'gscc.slider_accueil' doesn't exist
[2026-03-21 17:13:18] Erreur getPartenairesActifs: SQLSTATE[42S02]: Base table or view not found: 1146 Table 'gscc.partenaires' doesn't exist
[2026-03-21 17:13:26] Erreur getSliderImages: SQLSTATE[42S02]: Base table or view not found: 1146 Table 'gscc.slider_accueil' doesn't exist
[2026-03-21 17:13:26] Erreur getPartenairesActifs: SQLSTATE[42S02]: Base table or view not found: 1146 Table 'gscc.partenaires' doesn't exist
[2026-03-21 17:13:34] Erreur getSliderImages: SQLSTATE[42S02]: Base table or view not found: 1146 Table 'gscc.slider_accueil' doesn't exist
[2026-03-21 17:13:34] Erreur getPartenairesActifs: SQLSTATE[42S02]: Base table or view not found: 1146 Table 'gscc.partenaires' doesn't exist
[2026-03-21 17:14:48] Erreur getSliderImages: SQLSTATE[42S02]: Base table or view not found: 1146 Table 'gscc.slider_accueil' doesn't exist
[2026-03-21 17:14:48] Erreur getPartenairesActifs: SQLSTATE[42S02]: Base table or view not found: 1146 Table 'gscc.partenaires' doesn't exist
[2026-03-21 17:15:20] Erreur getSliderImages: SQLSTATE[42S02]: Base table or view not found: 1146 Table 'gscc.slider_accueil' doesn't exist
[2026-03-21 17:15:20] Erreur getPartenairesActifs: SQLSTATE[42S02]: Base table or view not found: 1146 Table 'gscc.partenaires' doesn't exist
[2026-03-21 17:15:23] Erreur getSliderImages: SQLSTATE[42S02]: Base table or view not found: 1146 Table 'gscc.slider_accueil' doesn't exist
[2026-03-21 17:15:23] Erreur getPartenairesActifs: SQLSTATE[42S02]: Base table or view not found: 1146 Table 'gscc.partenaires' doesn't exist
[2026-03-21 17:15:34] Erreur getSliderImages: SQLSTATE[42S02]: Base table or view not found: 1146 Table 'gscc.slider_accueil' doesn't exist
[2026-03-21 17:15:34] Erreur getPartenairesActifs: SQLSTATE[42S02]: Base table or view not found: 1146 Table 'gscc.partenaires' doesn't exist
[2026-03-21 17:15:59] Erreur getSliderImages: SQLSTATE[42S02]: Base table or view not found: 1146 Table 'gscc.slider_accueil' doesn't exist
[2026-03-21 17:15:59] Erreur getPartenairesActifs: SQLSTATE[42S02]: Base table or view not found: 1146 Table 'gscc.partenaires' doesn't exist
[2026-03-21 17:16:41] Erreur getSliderImages: SQLSTATE[42S02]: Base table or view not found: 1146 Table 'gscc.slider_accueil' doesn't exist
[2026-03-21 17:16:41] Erreur getPartenairesActifs: SQLSTATE[42S02]: Base table or view not found: 1146 Table 'gscc.partenaires' doesn't exist
[2026-03-21 17:17:10] Erreur getSliderImages: SQLSTATE[42S02]: Base table or view not found: 1146 Table 'gscc.slider_accueil' doesn't exist
[2026-03-21 17:17:10] Erreur getPartenairesActifs: SQLSTATE[42S02]: Base table or view not found: 1146 Table 'gscc.partenaires' doesn't exist
[2026-03-21 17:17:38] Erreur getSliderImages: SQLSTATE[42S02]: Base table or view not found: 1146 Table 'gscc.slider_accueil' doesn't exist
[2026-03-21 17:17:38] Erreur getPartenairesActifs: SQLSTATE[42S02]: Base table or view not found: 1146 Table 'gscc.partenaires' doesn't exist
[2026-03-21 17:18:39] Erreur getSliderImages: SQLSTATE[42S02]: Base table or view not found: 1146 Table 'gscc.slider_accueil' doesn't exist
[2026-03-21 17:18:39] Erreur getPartenairesActifs: SQLSTATE[42S02]: Base table or view not found: 1146 Table 'gscc.partenaires' doesn't exist
[2026-03-21 17:18:44] Erreur getSliderImages: SQLSTATE[42S02]: Base table or view not found: 1146 Table 'gscc.slider_accueil' doesn't exist
[2026-03-21 17:18:44] Erreur getPartenairesActifs: SQLSTATE[42S02]: Base table or view not found: 1146 Table 'gscc.partenaires' doesn't exist
[2026-03-21 17:23:57] Erreur getSliderImages: SQLSTATE[42S02]: Base table or view not found: 1146 Table 'gscc.slider_accueil' doesn't exist
[2026-03-21 17:23:57] Erreur getPartenairesActifs: SQLSTATE[42S02]: Base table or view not found: 1146 Table 'gscc.partenaires' doesn't exist
[2026-03-21 17:23:57] Erreur getSliderImages: SQLSTATE[42S02]: Base table or view not found: 1146 Table 'gscc.slider_accueil' doesn't exist
[2026-03-21 17:23:57] Erreur getPartenairesActifs: SQLSTATE[42S02]: Base table or view not found: 1146 Table 'gscc.partenaires' doesn't exist
[2026-03-21 17:23:59] Erreur getSliderImages: SQLSTATE[42S02]: Base table or view not found: 1146 Table 'gscc.slider_accueil' doesn't exist
[2026-03-21 17:23:59] Erreur getPartenairesActifs: SQLSTATE[42S02]: Base table or view not found: 1146 Table 'gscc.partenaires' doesn't exist
[2026-03-21 17:24:52] Erreur getSliderImages: SQLSTATE[42S02]: Base table or view not found: 1146 Table 'gscc.slider_accueil' doesn't exist
[2026-03-21 17:24:52] Erreur getPartenairesActifs: SQLSTATE[42S02]: Base table or view not found: 1146 Table 'gscc.partenaires' doesn't exist
[2026-03-21 17:25:10] Erreur getSliderImages: SQLSTATE[42S02]: Base table or view not found: 1146 Table 'gscc.slider_accueil' doesn't exist
[2026-03-21 17:25:10] Erreur getPartenairesActifs: SQLSTATE[42S02]: Base table or view not found: 1146 Table 'gscc.partenaires' doesn't exist
[2026-03-21 17:25:40] Erreur getSliderImages: SQLSTATE[42S02]: Base table or view not found: 1146 Table 'gscc.slider_accueil' doesn't exist
[2026-03-21 17:25:40] Erreur getPartenairesActifs: SQLSTATE[42S02]: Base table or view not found: 1146 Table 'gscc.partenaires' doesn't exist
[2026-03-21 17:25:55] Erreur getSliderImages: SQLSTATE[42S02]: Base table or view not found: 1146 Table 'gscc.slider_accueil' doesn't exist
[2026-03-21 17:25:55] Erreur getPartenairesActifs: SQLSTATE[42S02]: Base table or view not found: 1146 Table 'gscc.partenaires' doesn't exist
[2026-03-21 17:26:05] Erreur getSliderImages: SQLSTATE[42S02]: Base table or view not found: 1146 Table 'gscc.slider_accueil' doesn't exist
[2026-03-21 17:26:05] Erreur getPartenairesActifs: SQLSTATE[42S02]: Base table or view not found: 1146 Table 'gscc.partenaires' doesn't exist
[2026-03-21 17:26:25] Erreur getSliderImages: SQLSTATE[42S02]: Base table or view not found: 1146 Table 'gscc.slider_accueil' doesn't exist
[2026-03-21 17:26:25] Erreur getPartenairesActifs: SQLSTATE[42S02]: Base table or view not found: 1146 Table 'gscc.partenaires' doesn't exist
[2026-03-21 17:26:39] Erreur getSliderImages: SQLSTATE[42S02]: Base table or view not found: 1146 Table 'gscc.slider_accueil' doesn't exist
[2026-03-21 17:26:39] Erreur getPartenairesActifs: SQLSTATE[42S02]: Base table or view not found: 1146 Table 'gscc.partenaires' doesn't exist
[2026-03-21 17:32:54] Erreur getSliderImages: SQLSTATE[42S02]: Base table or view not found: 1146 Table 'gscc.slider_accueil' doesn't exist
[2026-03-21 17:32:54] Erreur getPartenairesActifs: SQLSTATE[42S02]: Base table or view not found: 1146 Table 'gscc.partenaires' doesn't exist
[2026-03-21 17:33:46] Erreur getSliderImages: SQLSTATE[42S02]: Base table or view not found: 1146 Table 'gscc.slider_accueil' doesn't exist
[2026-03-21 17:33:46] Erreur getPartenairesActifs: SQLSTATE[42S02]: Base table or view not found: 1146 Table 'gscc.partenaires' doesn't exist
[2026-03-21 17:34:51] Erreur getSliderImages: SQLSTATE[42S02]: Base table or view not found: 1146 Table 'gscc.slider_accueil' doesn't exist
[2026-03-21 17:34:51] Erreur getPartenairesActifs: SQLSTATE[42S02]: Base table or view not found: 1146 Table 'gscc.partenaires' doesn't exist
[2026-03-21 19:06:34] Erreur getSliderImages: SQLSTATE[42S02]: Base table or view not found: 1146 Table 'gscc.slider_accueil' doesn't exist
[2026-03-21 19:06:34] Erreur getPartenairesActifs: SQLSTATE[42S02]: Base table or view not found: 1146 Table 'gscc.partenaires' doesn't exist
[2026-03-21 19:16:01] Erreur getSliderImages: SQLSTATE[42S02]: Base table or view not found: 1146 Table 'gscc.slider_accueil' doesn't exist
[2026-03-21 19:16:01] Erreur getPartenairesActifs: SQLSTATE[42S02]: Base table or view not found: 1146 Table 'gscc.partenaires' doesn't exist
[2026-03-21 19:16:20] Erreur getSliderImages: SQLSTATE[42S02]: Base table or view not found: 1146 Table 'gscc.slider_accueil' doesn't exist
[2026-03-21 19:16:20] Erreur getPartenairesActifs: SQLSTATE[42S02]: Base table or view not found: 1146 Table 'gscc.partenaires' doesn't exist
[2026-03-21 19:29:31] Erreur getSliderImages: SQLSTATE[42S02]: Base table or view not found: 1146 Table 'gscc.slider_accueil' doesn't exist
[2026-03-21 19:29:31] Erreur getPartenairesActifs: SQLSTATE[42S02]: Base table or view not found: 1146 Table 'gscc.partenaires' doesn't exist
[2026-03-21 19:29:43] Erreur getSliderImages: SQLSTATE[42S02]: Base table or view not found: 1146 Table 'gscc.slider_accueil' doesn't exist
[2026-03-21 19:29:43] Erreur getPartenairesActifs: SQLSTATE[42S02]: Base table or view not found: 1146 Table 'gscc.partenaires' doesn't exist
[2026-03-21 19:29:53] Erreur getSliderImages: SQLSTATE[42S02]: Base table or view not found: 1146 Table 'gscc.slider_accueil' doesn't exist
[2026-03-21 19:29:53] Erreur getPartenairesActifs: SQLSTATE[42S02]: Base table or view not found: 1146 Table 'gscc.partenaires' doesn't exist
[2026-03-21 19:30:05] Erreur getSliderImages: SQLSTATE[42S02]: Base table or view not found: 1146 Table 'gscc.slider_accueil' doesn't exist
[2026-03-21 19:30:05] Erreur getPartenairesActifs: SQLSTATE[42S02]: Base table or view not found: 1146 Table 'gscc.partenaires' doesn't exist
[2026-03-21 19:30:17] Erreur getSliderImages: SQLSTATE[42S02]: Base table or view not found: 1146 Table 'gscc.slider_accueil' doesn't exist
[2026-03-21 19:30:17] Erreur getPartenairesActifs: SQLSTATE[42S02]: Base table or view not found: 1146 Table 'gscc.partenaires' doesn't exist
[2026-03-21 19:31:03] Erreur getSliderImages: SQLSTATE[42S02]: Base table or view not found: 1146 Table 'gscc.slider_accueil' doesn't exist
[2026-03-21 19:31:03] Erreur getPartenairesActifs: SQLSTATE[42S02]: Base table or view not found: 1146 Table 'gscc.partenaires' doesn't exist
[2026-03-21 23:37:18] Erreur getSliderImages: SQLSTATE[42S02]: Base table or view not found: 1146 Table 'gscc.slider_accueil' doesn't exist
[2026-03-21 23:37:18] Erreur getPartenairesActifs: SQLSTATE[42S02]: Base table or view not found: 1146 Table 'gscc.partenaires' doesn't exist
[2026-03-21 23:37:27] Erreur getSliderImages: SQLSTATE[42S02]: Base table or view not found: 1146 Table 'gscc.slider_accueil' doesn't exist
[2026-03-21 23:37:27] Erreur getPartenairesActifs: SQLSTATE[42S02]: Base table or view not found: 1146 Table 'gscc.partenaires' doesn't exist
[2026-03-21 23:47:32] Erreur getSliderImages: SQLSTATE[42S02]: Base table or view not found: 1146 Table 'gscc.slider_accueil' doesn't exist
[2026-03-21 23:47:32] Erreur getPartenairesActifs: SQLSTATE[42S02]: Base table or view not found: 1146 Table 'gscc.partenaires' doesn't exist
[2026-03-21 23:51:41] Erreur getSliderImages: SQLSTATE[42S02]: Base table or view not found: 1146 Table 'gscc.slider_accueil' doesn't exist
[2026-03-21 23:51:41] Erreur getPartenairesActifs: SQLSTATE[42S02]: Base table or view not found: 1146 Table 'gscc.partenaires' doesn't exist
[2026-03-21 23:54:11] Erreur getSliderImages: SQLSTATE[42S02]: Base table or view not found: 1146 Table 'gscc.slider_accueil' doesn't exist
[2026-03-21 23:54:11] Erreur getPartenairesActifs: SQLSTATE[42S02]: Base table or view not found: 1146 Table 'gscc.partenaires' doesn't exist
[2026-03-21 23:55:04] Erreur getSliderImages: SQLSTATE[42S02]: Base table or view not found: 1146 Table 'gscc.slider_accueil' doesn't exist
[2026-03-21 23:55:04] Erreur getPartenairesActifs: SQLSTATE[42S02]: Base table or view not found: 1146 Table 'gscc.partenaires' doesn't exist
[2026-03-21 23:56:58] Erreur getSliderImages: SQLSTATE[42S02]: Base table or view not found: 1146 Table 'gscc.slider_accueil' doesn't exist
[2026-03-21 23:56:58] Erreur getPartenairesActifs: SQLSTATE[42S02]: Base table or view not found: 1146 Table 'gscc.partenaires' doesn't exist
[2026-03-22 09:31:42] Erreur getSliderImages: SQLSTATE[42S02]: Base table or view not found: 1146 Table 'gscc.slider_accueil' doesn't exist
[2026-03-22 09:31:42] Erreur getPartenairesActifs: SQLSTATE[42S02]: Base table or view not found: 1146 Table 'gscc.partenaires' doesn't exist
[2026-03-22 09:32:39] Erreur getSliderImages: SQLSTATE[42S02]: Base table or view not found: 1146 Table 'gscc.slider_accueil' doesn't exist
[2026-03-22 09:32:39] Erreur getPartenairesActifs: SQLSTATE[42S02]: Base table or view not found: 1146 Table 'gscc.partenaires' doesn't exist
[2026-03-22 09:33:13] Erreur getSliderImages: SQLSTATE[42S02]: Base table or view not found: 1146 Table 'gscc.slider_accueil' doesn't exist
[2026-03-22 09:33:13] Erreur getPartenairesActifs: SQLSTATE[42S02]: Base table or view not found: 1146 Table 'gscc.partenaires' doesn't exist
[2026-03-22 09:49:45] Erreur getSliderImages: SQLSTATE[42S02]: Base table or view not found: 1146 Table 'gscc.slider_accueil' doesn't exist
[2026-03-22 09:49:45] Erreur getPartenairesActifs: SQLSTATE[42S02]: Base table or view not found: 1146 Table 'gscc.partenaires' doesn't exist
[2026-03-22 09:49:50] Erreur getSliderImages: SQLSTATE[42S02]: Base table or view not found: 1146 Table 'gscc.slider_accueil' doesn't exist
[2026-03-22 09:49:50] Erreur getPartenairesActifs: SQLSTATE[42S02]: Base table or view not found: 1146 Table 'gscc.partenaires' doesn't exist
[2026-03-22 09:50:02] Erreur getSliderImages: SQLSTATE[42S02]: Base table or view not found: 1146 Table 'gscc.slider_accueil' doesn't exist
[2026-03-22 09:50:02] Erreur getPartenairesActifs: SQLSTATE[42S02]: Base table or view not found: 1146 Table 'gscc.partenaires' doesn't exist
[2026-03-22 09:50:39] Erreur getSliderImages: SQLSTATE[42S02]: Base table or view not found: 1146 Table 'gscc.slider_accueil' doesn't exist
[2026-03-22 09:50:39] Erreur getPartenairesActifs: SQLSTATE[42S02]: Base table or view not found: 1146 Table 'gscc.partenaires' doesn't exist
[2026-03-22 09:51:20] Erreur getSliderImages: SQLSTATE[42S02]: Base table or view not found: 1146 Table 'gscc.slider_accueil' doesn't exist
[2026-03-22 09:51:20] Erreur getPartenairesActifs: SQLSTATE[42S02]: Base table or view not found: 1146 Table 'gscc.partenaires' doesn't exist
[2026-03-22 11:52:43] Erreur getSliderImages: SQLSTATE[42S02]: Base table or view not found: 1146 Table 'gscc.slider_accueil' doesn't exist
[2026-03-22 11:52:43] Erreur getPartenairesActifs: SQLSTATE[42S02]: Base table or view not found: 1146 Table 'gscc.partenaires' doesn't exist
[2026-03-22 11:55:16] Erreur partenaires.php: SQLSTATE[42S02]: Base table or view not found: 1146 Table 'gscc.partenaires' doesn't exist
[2026-03-22 11:57:46] Erreur getSliderImages: SQLSTATE[42S02]: Base table or view not found: 1146 Table 'gscc.slider_accueil' doesn't exist
[2026-03-22 11:57:46] Erreur getPartenairesActifs: SQLSTATE[42S02]: Base table or view not found: 1146 Table 'gscc.partenaires' doesn't exist
[2026-03-22 11:57:48] Erreur getSliderImages: SQLSTATE[42S02]: Base table or view not found: 1146 Table 'gscc.slider_accueil' doesn't exist
[2026-03-22 11:57:48] Erreur getPartenairesActifs: SQLSTATE[42S02]: Base table or view not found: 1146 Table 'gscc.partenaires' doesn't exist
[2026-03-22 11:58:02] Erreur getSliderImages: SQLSTATE[42S02]: Base table or view not found: 1146 Table 'gscc.slider_accueil' doesn't exist
[2026-03-22 11:58:02] Erreur getPartenairesActifs: SQLSTATE[42S02]: Base table or view not found: 1146 Table 'gscc.partenaires' doesn't exist
[2026-03-22 11:58:06] Erreur getSliderImages: SQLSTATE[42S02]: Base table or view not found: 1146 Table 'gscc.slider_accueil' doesn't exist
[2026-03-22 11:58:06] Erreur getPartenairesActifs: SQLSTATE[42S02]: Base table or view not found: 1146 Table 'gscc.partenaires' doesn't exist
[2026-03-22 12:24:31] Erreur getSliderImages: SQLSTATE[42S02]: Base table or view not found: 1146 Table 'gscc.slider_accueil' doesn't exist
[2026-03-22 12:24:31] Erreur getPartenairesActifs: SQLSTATE[42S02]: Base table or view not found: 1146 Table 'gscc.partenaires' doesn't exist
[2026-03-22 12:35:26] Erreur getSliderImages: SQLSTATE[42S02]: Base table or view not found: 1146 Table 'gscc.slider_accueil' doesn't exist
[2026-03-22 12:35:26] Erreur getPartenairesActifs: SQLSTATE[42S02]: Base table or view not found: 1146 Table 'gscc.partenaires' doesn't exist
[2026-03-22 12:36:24] Erreur getSliderImages: SQLSTATE[42S02]: Base table or view not found: 1146 Table 'gscc.slider_accueil' doesn't exist
[2026-03-22 12:36:24] Erreur getPartenairesActifs: SQLSTATE[42S02]: Base table or view not found: 1146 Table 'gscc.partenaires' doesn't exist
[2026-03-22 12:39:25] Erreur partenaires.php: SQLSTATE[42S02]: Base table or view not found: 1146 Table 'gscc.partenaires' doesn't exist
[2026-03-22 12:40:08] Erreur getSliderImages: SQLSTATE[42S02]: Base table or view not found: 1146 Table 'gscc.slider_accueil' doesn't exist
[2026-03-22 12:40:08] Erreur getPartenairesActifs: SQLSTATE[42S02]: Base table or view not found: 1146 Table 'gscc.partenaires' doesn't exist
[2026-03-22 12:42:29] Erreur getSliderImages: SQLSTATE[42S02]: Base table or view not found: 1146 Table 'gscc.slider_accueil' doesn't exist
[2026-03-22 12:42:29] Erreur getPartenairesActifs: SQLSTATE[42S02]: Base table or view not found: 1146 Table 'gscc.partenaires' doesn't exist
[2026-03-22 12:43:00] Erreur getSliderImages: SQLSTATE[42S02]: Base table or view not found: 1146 Table 'gscc.slider_accueil' doesn't exist
[2026-03-22 12:43:00] Erreur getPartenairesActifs: SQLSTATE[42S02]: Base table or view not found: 1146 Table 'gscc.partenaires' doesn't exist
[2026-03-22 12:45:26] Erreur getSliderImages: SQLSTATE[42S02]: Base table or view not found: 1146 Table 'gscc.slider_accueil' doesn't exist
[2026-03-22 12:45:26] Erreur getPartenairesActifs: SQLSTATE[42S02]: Base table or view not found: 1146 Table 'gscc.partenaires' doesn't exist
[2026-03-22 12:49:53] Erreur getSliderImages: SQLSTATE[42S02]: Base table or view not found: 1146 Table 'gscc.slider_accueil' doesn't exist
[2026-03-22 12:49:53] Erreur getPartenairesActifs: SQLSTATE[42S02]: Base table or view not found: 1146 Table 'gscc.partenaires' doesn't exist
[2026-03-22 12:50:35] Erreur getSliderImages: SQLSTATE[42S02]: Base table or view not found: 1146 Table 'gscc.slider_accueil' doesn't exist
[2026-03-22 12:50:35] Erreur getPartenairesActifs: SQLSTATE[42S02]: Base table or view not found: 1146 Table 'gscc.partenaires' doesn't exist
[2026-03-22 12:51:56] Erreur getSliderImages: SQLSTATE[42S02]: Base table or view not found: 1146 Table 'gscc.slider_accueil' doesn't exist
[2026-03-22 12:51:56] Erreur getPartenairesActifs: SQLSTATE[42S02]: Base table or view not found: 1146 Table 'gscc.partenaires' doesn't exist
[2026-03-22 12:54:46] Erreur getSliderImages: SQLSTATE[42S02]: Base table or view not found: 1146 Table 'gscc.slider_accueil' doesn't exist
[2026-03-22 12:54:46] Erreur getPartenairesActifs: SQLSTATE[42S02]: Base table or view not found: 1146 Table 'gscc.partenaires' doesn't exist
[2026-03-22 12:54:56] Erreur getSliderImages: SQLSTATE[42S02]: Base table or view not found: 1146 Table 'gscc.slider_accueil' doesn't exist
[2026-03-22 12:54:56] Erreur getPartenairesActifs: SQLSTATE[42S02]: Base table or view not found: 1146 Table 'gscc.partenaires' doesn't exist
[2026-03-22 12:55:14] Erreur getSliderImages: SQLSTATE[42S02]: Base table or view not found: 1146 Table 'gscc.slider_accueil' doesn't exist
[2026-03-22 12:55:14] Erreur getPartenairesActifs: SQLSTATE[42S02]: Base table or view not found: 1146 Table 'gscc.partenaires' doesn't exist
[2026-03-22 12:56:03] Erreur getSliderImages: SQLSTATE[42S02]: Base table or view not found: 1146 Table 'gscc.slider_accueil' doesn't exist
[2026-03-22 12:56:03] Erreur getPartenairesActifs: SQLSTATE[42S02]: Base table or view not found: 1146 Table 'gscc.partenaires' doesn't exist
[2026-03-22 13:48:49] Erreur getSliderImages: SQLSTATE[42S02]: Base table or view not found: 1146 Table 'gscc.slider_accueil' doesn't exist
[2026-03-22 13:48:49] Erreur getPartenairesActifs: SQLSTATE[42S02]: Base table or view not found: 1146 Table 'gscc.partenaires' doesn't exist
[2026-03-22 13:49:02] Erreur getSliderImages: SQLSTATE[42S02]: Base table or view not found: 1146 Table 'gscc.slider_accueil' doesn't exist
[2026-03-22 13:49:02] Erreur getPartenairesActifs: SQLSTATE[42S02]: Base table or view not found: 1146 Table 'gscc.partenaires' doesn't exist
[2026-03-22 14:39:30] Erreur partenaires.php: SQLSTATE[42S02]: Base table or view not found: 1146 Table 'gscc.partenaires' doesn't exist
[2026-03-22 14:41:50] Erreur partenaires.php: SQLSTATE[42S02]: Base table or view not found: 1146 Table 'gscc.partenaires' doesn't exist
[2026-03-22 14:42:39] Erreur partenaires.php: SQLSTATE[42S02]: Base table or view not found: 1146 Table 'gscc.partenaires' doesn't exist
[2026-03-22 14:47:26] Erreur partenaires.php: SQLSTATE[42S02]: Base table or view not found: 1146 Table 'gscc.partenaires' doesn't exist
[2026-03-22 14:50:19] Erreur partenaires.php: SQLSTATE[42S02]: Base table or view not found: 1146 Table 'gscc.partenaires' doesn't exist
[2026-03-22 14:51:11] Erreur partenaires.php: SQLSTATE[42S02]: Base table or view not found: 1146 Table 'gscc.partenaires' doesn't exist
[2026-03-22 14:52:43] Erreur partenaires.php: SQLSTATE[42S02]: Base table or view not found: 1146 Table 'gscc.partenaires' doesn't exist
[2026-03-22 19:02:27] Erreur getSliderImages: SQLSTATE[42S02]: Base table or view not found: 1146 Table 'gscc.slider_accueil' doesn't exist
[2026-03-22 19:02:27] Erreur getPartenairesActifs: SQLSTATE[42S02]: Base table or view not found: 1146 Table 'gscc.partenaires' doesn't exist
[2026-03-22 19:13:14] Erreur getSliderImages: SQLSTATE[42S02]: Base table or view not found: 1146 Table 'gscc.slider_accueil' doesn't exist
[2026-03-22 19:13:14] Erreur getPartenairesActifs: SQLSTATE[42S02]: Base table or view not found: 1146 Table 'gscc.partenaires' doesn't exist
[2026-03-22 19:16:24] Erreur getSliderImages: SQLSTATE[42S02]: Base table or view not found: 1146 Table 'gscc.slider_accueil' doesn't exist
[2026-03-22 19:16:24] Erreur getPartenairesActifs: SQLSTATE[42S02]: Base table or view not found: 1146 Table 'gscc.partenaires' doesn't exist
[2026-03-22 19:16:36] Erreur getSliderImages: SQLSTATE[42S02]: Base table or view not found: 1146 Table 'gscc.slider_accueil' doesn't exist
[2026-03-22 19:16:36] Erreur getPartenairesActifs: SQLSTATE[42S02]: Base table or view not found: 1146 Table 'gscc.partenaires' doesn't exist
[2026-03-22 19:19:30] Erreur getSliderImages: SQLSTATE[42S02]: Base table or view not found: 1146 Table 'gscc.slider_accueil' doesn't exist
[2026-03-22 19:19:30] Erreur getPartenairesActifs: SQLSTATE[42S02]: Base table or view not found: 1146 Table 'gscc.partenaires' doesn't exist
[2026-03-22 19:28:55] Erreur getSliderImages: SQLSTATE[42S02]: Base table or view not found: 1146 Table 'gscc.slider_accueil' doesn't exist
[2026-03-22 19:28:55] Erreur getPartenairesActifs: SQLSTATE[42S02]: Base table or view not found: 1146 Table 'gscc.partenaires' doesn't exist
[2026-03-22 19:44:28] Erreur getSliderImages: SQLSTATE[42S02]: Base table or view not found: 1146 Table 'gscc.slider_accueil' doesn't exist
[2026-03-22 19:44:28] Erreur getPartenairesActifs: SQLSTATE[42S02]: Base table or view not found: 1146 Table 'gscc.partenaires' doesn't exist
[2026-03-22 19:48:00] Erreur getSliderImages: SQLSTATE[42S02]: Base table or view not found: 1146 Table 'gscc.slider_accueil' doesn't exist
[2026-03-22 19:48:00] Erreur getPartenairesActifs: SQLSTATE[42S02]: Base table or view not found: 1146 Table 'gscc.partenaires' doesn't exist
[2026-03-22 19:57:11] Erreur getSliderImages: SQLSTATE[42S02]: Base table or view not found: 1146 Table 'gscc.slider_accueil' doesn't exist
[2026-03-22 19:57:11] Erreur getPartenairesActifs: SQLSTATE[42S02]: Base table or view not found: 1146 Table 'gscc.partenaires' doesn't exist
[2026-03-22 23:49:36] Erreur getSliderImages: SQLSTATE[42S02]: Base table or view not found: 1146 Table 'gscc.slider_accueil' doesn't exist
[2026-03-22 23:49:36] Erreur getPartenairesActifs: SQLSTATE[42S02]: Base table or view not found: 1146 Table 'gscc.partenaires' doesn't exist
[2026-03-22 23:52:08] Erreur partenaires.php: SQLSTATE[42S02]: Base table or view not found: 1146 Table 'gscc.partenaires' doesn't exist
[2026-03-23 00:24:05] Erreur getSliderImages: SQLSTATE[42S02]: Base table or view not found: 1146 Table 'gscc.slider_accueil' doesn't exist
[2026-03-23 00:24:05] Erreur getPartenairesActifs: SQLSTATE[42S02]: Base table or view not found: 1146 Table 'gscc.partenaires' doesn't exist
[2026-03-23 17:25:53] Erreur getSliderImages: SQLSTATE[42S02]: Base table or view not found: 1146 Table 'gscc.slider_accueil' doesn't exist
[2026-03-23 17:25:54] Erreur getPartenairesActifs: SQLSTATE[42S02]: Base table or view not found: 1146 Table 'gscc.partenaires' doesn't exist
[2026-03-23 19:37:03] Erreur getSliderImages: SQLSTATE[42S02]: Base table or view not found: 1146 Table 'gscc.slider_accueil' doesn't exist
[2026-03-23 19:37:03] Erreur getPartenairesActifs: SQLSTATE[42S02]: Base table or view not found: 1146 Table 'gscc.partenaires' doesn't exist
[2026-03-23 20:30:33] Erreur getSliderImages: SQLSTATE[42S02]: Base table or view not found: 1146 Table 'gscc.slider_accueil' doesn't exist
[2026-03-23 20:30:33] Erreur getPartenairesActifs: SQLSTATE[42S02]: Base table or view not found: 1146 Table 'gscc.partenaires' doesn't exist
[2026-03-23 22:00:56] Erreur getSliderImages: SQLSTATE[42S02]: Base table or view not found: 1146 Table 'gscc.slider_accueil' doesn't exist
[2026-03-23 22:00:56] Erreur getPartenairesActifs: SQLSTATE[42S02]: Base table or view not found: 1146 Table 'gscc.partenaires' doesn't exist
[2026-03-23 22:03:32] Erreur getSliderImages: SQLSTATE[42S02]: Base table or view not found: 1146 Table 'gscc.slider_accueil' doesn't exist
[2026-03-23 22:03:32] Erreur getPartenairesActifs: SQLSTATE[42S02]: Base table or view not found: 1146 Table 'gscc.partenaires' doesn't exist
[2026-03-24 16:24:56] Erreur getSliderImages: SQLSTATE[42S02]: Base table or view not found: 1146 Table 'gscc.slider_accueil' doesn't exist
[2026-03-24 16:24:56] Erreur getPartenairesActifs: SQLSTATE[42S02]: Base table or view not found: 1146 Table 'gscc.partenaires' doesn't exist
[2026-03-24 17:29:59] Erreur getSliderImages: SQLSTATE[42S02]: Base table or view not found: 1146 Table 'gscc.slider_accueil' doesn't exist
[2026-03-24 17:29:59] Erreur getPartenairesActifs: SQLSTATE[42S02]: Base table or view not found: 1146 Table 'gscc.partenaires' doesn't exist
[2026-03-25 02:23:01] Erreur getSliderImages: SQLSTATE[42S02]: Base table or view not found: 1146 Table 'gscc.slider_accueil' doesn't exist
[2026-03-25 02:23:01] Erreur getPartenairesActifs: SQLSTATE[42S02]: Base table or view not found: 1146 Table 'gscc.partenaires' doesn't exist
[2026-03-25 02:23:44] Erreur getSliderImages: SQLSTATE[42S02]: Base table or view not found: 1146 Table 'gscc.slider_accueil' doesn't exist
[2026-03-25 02:23:44] Erreur getPartenairesActifs: SQLSTATE[42S02]: Base table or view not found: 1146 Table 'gscc.partenaires' doesn't exist
[2026-03-25 02:23:57] Erreur getSliderImages: SQLSTATE[42S02]: Base table or view not found: 1146 Table 'gscc.slider_accueil' doesn't exist
[2026-03-25 02:23:57] Erreur getPartenairesActifs: SQLSTATE[42S02]: Base table or view not found: 1146 Table 'gscc.partenaires' doesn't exist
[2026-03-25 02:24:01] Erreur getSliderImages: SQLSTATE[42S02]: Base table or view not found: 1146 Table 'gscc.slider_accueil' doesn't exist
[2026-03-25 02:24:01] Erreur getPartenairesActifs: SQLSTATE[42S02]: Base table or view not found: 1146 Table 'gscc.partenaires' doesn't exist
[2026-03-25 02:24:33] Erreur getSliderImages: SQLSTATE[42S02]: Base table or view not found: 1146 Table 'gscc.slider_accueil' doesn't exist
[2026-03-25 02:24:33] Erreur getPartenairesActifs: SQLSTATE[42S02]: Base table or view not found: 1146 Table 'gscc.partenaires' doesn't exist
[2026-03-25 11:55:26] Erreur getSliderImages: SQLSTATE[42S02]: Base table or view not found: 1146 Table 'gscc.slider_accueil' doesn't exist
[2026-03-25 11:55:26] Erreur getPartenairesActifs: SQLSTATE[42S02]: Base table or view not found: 1146 Table 'gscc.partenaires' doesn't exist
[2026-03-27 13:46:06] Erreur getSliderImages: SQLSTATE[42S02]: Base table or view not found: 1146 Table 'gscc.slider_accueil' doesn't exist
[2026-03-27 13:46:06] Erreur getPartenairesActifs: SQLSTATE[42S02]: Base table or view not found: 1146 Table 'gscc.partenaires' doesn't exist
[2026-03-27 15:57:29] Erreur getSliderImages: SQLSTATE[42S02]: Base table or view not found: 1146 Table 'gscc.slider_accueil' doesn't exist
[2026-03-27 15:57:29] Erreur getPartenairesActifs: SQLSTATE[42S02]: Base table or view not found: 1146 Table 'gscc.partenaires' doesn't exist
[2026-03-27 16:00:10] Erreur getSliderImages: SQLSTATE[42S02]: Base table or view not found: 1146 Table 'gscc.slider_accueil' doesn't exist
[2026-03-27 16:00:10] Erreur getPartenairesActifs: SQLSTATE[42S02]: Base table or view not found: 1146 Table 'gscc.partenaires' doesn't exist
[2026-03-27 16:04:31] Erreur getSliderImages: SQLSTATE[42S02]: Base table or view not found: 1146 Table 'gscc.slider_accueil' doesn't exist
[2026-03-27 16:04:31] Erreur getPartenairesActifs: SQLSTATE[42S02]: Base table or view not found: 1146 Table 'gscc.partenaires' doesn't exist
[2026-03-29 07:32:12] Erreur getSliderImages: SQLSTATE[42S02]: Base table or view not found: 1146 Table 'gscc.slider_accueil' doesn't exist
[2026-03-29 07:32:12] Erreur getPartenairesActifs: SQLSTATE[42S02]: Base table or view not found: 1146 Table 'gscc.partenaires' doesn't exist
[2026-04-20 12:17:15] Erreur getSliderImages: SQLSTATE[42S02]: Base table or view not found: 1146 Table 'gscc.slider_accueil' doesn't exist
[2026-04-20 12:17:15] Erreur getPartenairesActifs: SQLSTATE[42S02]: Base table or view not found: 1146 Table 'gscc.partenaires' doesn't exist
[2026-04-20 12:19:11] Erreur getSliderImages: SQLSTATE[42S02]: Base table or view not found: 1146 Table 'gscc.slider_accueil' doesn't exist
[2026-04-20 12:19:11] Erreur getPartenairesActifs: SQLSTATE[42S02]: Base table or view not found: 1146 Table 'gscc.partenaires' doesn't exist
[2026-04-20 13:04:14] Erreur getSliderImages: SQLSTATE[42S02]: Base table or view not found: 1146 Table 'gscc.slider_accueil' doesn't exist
[2026-04-20 13:04:14] Erreur getPartenairesActifs: SQLSTATE[42S02]: Base table or view not found: 1146 Table 'gscc.partenaires' doesn't exist
[2026-04-26 13:21:44] Erreur getSliderImages: SQLSTATE[42S02]: Base table or view not found: 1146 Table 'gscc.slider_accueil' doesn't exist
[2026-04-26 13:21:44] Erreur getPartenairesActifs: SQLSTATE[42S02]: Base table or view not found: 1146 Table 'gscc.partenaires' doesn't exist
[2026-04-26 13:33:02] Erreur getSliderImages: SQLSTATE[42S02]: Base table or view not found: 1146 Table 'gscc.slider_accueil' doesn't exist
[2026-04-26 13:33:02] Erreur getPartenairesActifs: SQLSTATE[42S02]: Base table or view not found: 1146 Table 'gscc.partenaires' doesn't exist
[2026-04-26 13:40:15] Erreur getSliderImages: SQLSTATE[42S02]: Base table or view not found: 1146 Table 'gscc.slider_accueil' doesn't exist
[2026-04-26 13:40:15] Erreur getPartenairesActifs: SQLSTATE[42S02]: Base table or view not found: 1146 Table 'gscc.partenaires' doesn't exist
[2026-04-26 13:40:30] Erreur partenaires.php: SQLSTATE[42S02]: Base table or view not found: 1146 Table 'gscc.partenaires' doesn't exist
[2026-04-26 14:45:34] Erreur getSliderImages: SQLSTATE[42S02]: Base table or view not found: 1146 Table 'gscc.slider_accueil' doesn't exist
[2026-04-26 14:45:34] Erreur getPartenairesActifs: SQLSTATE[42S02]: Base table or view not found: 1146 Table 'gscc.partenaires' doesn't exist
[2026-04-26 14:58:42] Erreur getSliderImages: SQLSTATE[42S02]: Base table or view not found: 1146 Table 'gscc.slider_accueil' doesn't exist
[2026-04-26 14:58:42] Erreur getPartenairesActifs: SQLSTATE[42S02]: Base table or view not found: 1146 Table 'gscc.partenaires' doesn't exist
[2026-04-26 16:37:12] Erreur partenaires.php: SQLSTATE[42S02]: Base table or view not found: 1146 Table 'gscc.partenaires' doesn't exist
[2026-04-26 16:38:03] Erreur getSliderImages: SQLSTATE[42S02]: Base table or view not found: 1146 Table 'gscc.slider_accueil' doesn't exist
[2026-04-26 16:38:03] Erreur getPartenairesActifs: SQLSTATE[42S02]: Base table or view not found: 1146 Table 'gscc.partenaires' doesn't exist
[2026-04-26 17:05:31] Erreur getSliderImages: SQLSTATE[42S02]: Base table or view not found: 1146 Table 'gscc.slider_accueil' doesn't exist
[2026-04-26 17:05:31] Erreur getPartenairesActifs: SQLSTATE[42S02]: Base table or view not found: 1146 Table 'gscc.partenaires' doesn't exist
[2026-04-26 17:27:41] Erreur getSliderImages: SQLSTATE[42S02]: Base table or view not found: 1146 Table 'gscc.slider_accueil' doesn't exist
[2026-04-26 17:27:41] Erreur getPartenairesActifs: SQLSTATE[42S02]: Base table or view not found: 1146 Table 'gscc.partenaires' doesn't exist
[2026-04-26 17:36:39] Erreur getSliderImages: SQLSTATE[42S02]: Base table or view not found: 1146 Table 'gscc.slider_accueil' doesn't exist
[2026-04-26 17:36:39] Erreur getPartenairesActifs: SQLSTATE[42S02]: Base table or view not found: 1146 Table 'gscc.partenaires' doesn't exist
[2026-04-28 20:44:45] Erreur getSliderImages: SQLSTATE[42S02]: Base table or view not found: 1146 Table 'gscc.slider_accueil' doesn't exist
[2026-04-28 20:44:45] Erreur getPartenairesActifs: SQLSTATE[42S02]: Base table or view not found: 1146 Table 'gscc.partenaires' doesn't exist
[2026-05-05 07:33:00] Erreur getSliderImages: SQLSTATE[42S02]: Base table or view not found: 1146 Table 'gscc.slider_accueil' doesn't exist
[2026-05-05 07:33:00] Erreur getPartenairesActifs: SQLSTATE[42S02]: Base table or view not found: 1146 Table 'gscc.partenaires' doesn't exist
[2026-05-05 07:34:09] Erreur getSliderImages: SQLSTATE[42S02]: Base table or view not found: 1146 Table 'gscc.slider_accueil' doesn't exist
[2026-05-05 07:34:09] Erreur getPartenairesActifs: SQLSTATE[42S02]: Base table or view not found: 1146 Table 'gscc.partenaires' doesn't exist
[2026-05-05 07:34:32] Erreur getSliderImages: SQLSTATE[42S02]: Base table or view not found: 1146 Table 'gscc.slider_accueil' doesn't exist
[2026-05-05 07:34:32] Erreur getPartenairesActifs: SQLSTATE[42S02]: Base table or view not found: 1146 Table 'gscc.partenaires' doesn't exist
[2026-05-05 07:36:21] Erreur getSliderImages: SQLSTATE[42S02]: Base table or view not found: 1146 Table 'gscc.slider_accueil' doesn't exist
[2026-05-05 07:36:21] Erreur getPartenairesActifs: SQLSTATE[42S02]: Base table or view not found: 1146 Table 'gscc.partenaires' doesn't exist
[2026-05-05 07:43:08] Erreur getSliderImages: SQLSTATE[42S02]: Base table or view not found: 1146 Table 'gscc.slider_accueil' doesn't exist
[2026-05-05 07:43:08] Erreur getPartenairesActifs: SQLSTATE[42S02]: Base table or view not found: 1146 Table 'gscc.partenaires' doesn't exist
[2026-05-05 08:10:37] Erreur partenaires.php: SQLSTATE[42S02]: Base table or view not found: 1146 Table 'gscc.partenaires' doesn't exist
[2026-05-05 08:20:49] Erreur getSliderImages: SQLSTATE[42S02]: Base table or view not found: 1146 Table 'gscc.slider_accueil' doesn't exist
[2026-05-05 08:20:49] Erreur getPartenairesActifs: SQLSTATE[42S02]: Base table or view not found: 1146 Table 'gscc.partenaires' doesn't exist
[2026-05-05 08:23:11] Erreur getSliderImages: SQLSTATE[42S02]: Base table or view not found: 1146 Table 'gscc.slider_accueil' doesn't exist
[2026-05-05 08:23:11] Erreur getPartenairesActifs: SQLSTATE[42S02]: Base table or view not found: 1146 Table 'gscc.partenaires' doesn't exist
[2026-05-05 08:28:17] Erreur getSliderImages: SQLSTATE[42S02]: Base table or view not found: 1146 Table 'gscc.slider_accueil' doesn't exist
[2026-05-05 08:28:17] Erreur getPartenairesActifs: SQLSTATE[42S02]: Base table or view not found: 1146 Table 'gscc.partenaires' doesn't exist
[2026-05-05 08:39:27] Erreur getSliderImages: SQLSTATE[42S02]: Base table or view not found: 1146 Table 'gscc.slider_accueil' doesn't exist
[2026-05-05 08:39:27] Erreur getPartenairesActifs: SQLSTATE[42S02]: Base table or view not found: 1146 Table 'gscc.partenaires' doesn't exist
[2026-05-05 09:58:12] Erreur getSliderImages: SQLSTATE[42S02]: Base table or view not found: 1146 Table 'gscc.slider_accueil' doesn't exist
[2026-05-05 09:58:12] Erreur getPartenairesActifs: SQLSTATE[42S02]: Base table or view not found: 1146 Table 'gscc.partenaires' doesn't exist
[2026-05-05 15:08:06] Erreur getSliderImages: SQLSTATE[42S02]: Base table or view not found: 1146 Table 'gscc.slider_accueil' doesn't exist
[2026-05-05 15:08:06] Erreur getPartenairesActifs: SQLSTATE[42S02]: Base table or view not found: 1146 Table 'gscc.partenaires' doesn't exist
[2026-05-05 15:18:32] Erreur getSliderImages: SQLSTATE[42S02]: Base table or view not found: 1146 Table 'gscc.slider_accueil' doesn't exist
[2026-05-05 15:18:32] Erreur getPartenairesActifs: SQLSTATE[42S02]: Base table or view not found: 1146 Table 'gscc.partenaires' doesn't exist
[2026-05-05 16:50:22] Erreur getSliderImages: SQLSTATE[42S02]: Base table or view not found: 1146 Table 'gscc.slider_accueil' doesn't exist
[2026-05-05 16:50:22] Erreur getPartenairesActifs: SQLSTATE[42S02]: Base table or view not found: 1146 Table 'gscc.partenaires' doesn't exist
[2026-05-05 17:00:58] Erreur getSliderImages: SQLSTATE[42S02]: Base table or view not found: 1146 Table 'gscc.slider_accueil' doesn't exist
[2026-05-05 17:00:58] Erreur getPartenairesActifs: SQLSTATE[42S02]: Base table or view not found: 1146 Table 'gscc.partenaires' doesn't exist
[2026-05-05 17:03:29] Erreur partenaires.php: SQLSTATE[42S02]: Base table or view not found: 1146 Table 'gscc.partenaires' doesn't exist
[2026-05-05 17:23:08] Erreur partenaires.php: SQLSTATE[42S02]: Base table or view not found: 1146 Table 'gscc.partenaires' doesn't exist
[2026-05-05 17:28:18] Erreur getSliderImages: SQLSTATE[42S02]: Base table or view not found: 1146 Table 'gscc.slider_accueil' doesn't exist
[2026-05-05 17:28:18] Erreur getPartenairesActifs: SQLSTATE[42S02]: Base table or view not found: 1146 Table 'gscc.partenaires' doesn't exist
[2026-05-05 17:32:27] Erreur partenaires.php: SQLSTATE[42S02]: Base table or view not found: 1146 Table 'gscc.partenaires' doesn't exist
[2026-05-05 17:53:05] Erreur partenaires.php: SQLSTATE[42S02]: Base table or view not found: 1146 Table 'gscc.partenaires' doesn't exist
[2026-05-05 17:54:15] Erreur partenaires.php: SQLSTATE[42S02]: Base table or view not found: 1146 Table 'gscc.partenaires' doesn't exist
[2026-05-05 18:06:32] Erreur partenaires.php: SQLSTATE[42S02]: Base table or view not found: 1146 Table 'gscc.partenaires' doesn't exist
[2026-05-05 18:15:01] Erreur getSliderImages: SQLSTATE[42S02]: Base table or view not found: 1146 Table 'gscc.slider_accueil' doesn't exist
[2026-05-05 18:15:01] Erreur getPartenairesActifs: SQLSTATE[42S02]: Base table or view not found: 1146 Table 'gscc.partenaires' doesn't exist
[2026-05-05 18:17:49] Erreur getSliderImages: SQLSTATE[42S02]: Base table or view not found: 1146 Table 'gscc.slider_accueil' doesn't exist
[2026-05-05 18:17:49] Erreur getPartenairesActifs: SQLSTATE[42S02]: Base table or view not found: 1146 Table 'gscc.partenaires' doesn't exist
[2026-05-05 18:38:57] Erreur getSliderImages: SQLSTATE[42S02]: Base table or view not found: 1146 Table 'gscc.slider_accueil' doesn't exist
[2026-05-05 18:38:57] Erreur getPartenairesActifs: SQLSTATE[42S02]: Base table or view not found: 1146 Table 'gscc.partenaires' doesn't exist
[2026-05-05 18:39:36] Erreur getSliderImages: SQLSTATE[42S02]: Base table or view not found: 1146 Table 'gscc.slider_accueil' doesn't exist
[2026-05-05 18:39:36] Erreur getPartenairesActifs: SQLSTATE[42S02]: Base table or view not found: 1146 Table 'gscc.partenaires' doesn't exist
[2026-05-05 18:39:51] Erreur getSliderImages: SQLSTATE[42S02]: Base table or view not found: 1146 Table 'gscc.slider_accueil' doesn't exist
[2026-05-05 18:39:51] Erreur getPartenairesActifs: SQLSTATE[42S02]: Base table or view not found: 1146 Table 'gscc.partenaires' doesn't exist
[2026-05-05 18:40:18] Erreur getSliderImages: SQLSTATE[42S02]: Base table or view not found: 1146 Table 'gscc.slider_accueil' doesn't exist
[2026-05-05 18:40:18] Erreur getPartenairesActifs: SQLSTATE[42S02]: Base table or view not found: 1146 Table 'gscc.partenaires' doesn't exist
[2026-05-05 18:47:09] Erreur partenaires.php: SQLSTATE[42S02]: Base table or view not found: 1146 Table 'gscc.partenaires' doesn't exist
[2026-05-05 18:49:41] Erreur partenaires.php: SQLSTATE[42S02]: Base table or view not found: 1146 Table 'gscc.partenaires' doesn't exist
[2026-05-05 18:53:24] Erreur getSliderImages: SQLSTATE[42S02]: Base table or view not found: 1146 Table 'gscc.slider_accueil' doesn't exist
[2026-05-05 18:53:24] Erreur getPartenairesActifs: SQLSTATE[42S02]: Base table or view not found: 1146 Table 'gscc.partenaires' doesn't exist
[2026-05-05 18:54:17] Erreur getSliderImages: SQLSTATE[42S02]: Base table or view not found: 1146 Table 'gscc.slider_accueil' doesn't exist
[2026-05-05 18:54:17] Erreur getPartenairesActifs: SQLSTATE[42S02]: Base table or view not found: 1146 Table 'gscc.partenaires' doesn't exist
[2026-05-05 18:54:17] Erreur getSliderImages: SQLSTATE[42S02]: Base table or view not found: 1146 Table 'gscc.slider_accueil' doesn't exist
[2026-05-05 18:54:17] Erreur getPartenairesActifs: SQLSTATE[42S02]: Base table or view not found: 1146 Table 'gscc.partenaires' doesn't exist
[2026-05-05 19:07:14] Erreur getSliderImages: SQLSTATE[42S02]: Base table or view not found: 1146 Table 'gscc.slider_accueil' doesn't exist
[2026-05-05 19:07:14] Erreur getPartenairesActifs: SQLSTATE[42S02]: Base table or view not found: 1146 Table 'gscc.partenaires' doesn't exist
[2026-05-05 19:07:30] Erreur getSliderImages: SQLSTATE[42S02]: Base table or view not found: 1146 Table 'gscc.slider_accueil' doesn't exist
[2026-05-05 19:07:30] Erreur getPartenairesActifs: SQLSTATE[42S02]: Base table or view not found: 1146 Table 'gscc.partenaires' doesn't exist
[2026-05-05 19:08:53] Erreur getSliderImages: SQLSTATE[42S02]: Base table or view not found: 1146 Table 'gscc.slider_accueil' doesn't exist
[2026-05-05 19:08:53] Erreur getPartenairesActifs: SQLSTATE[42S02]: Base table or view not found: 1146 Table 'gscc.partenaires' doesn't exist
[2026-05-05 19:10:46] Erreur partenaires.php: SQLSTATE[42S02]: Base table or view not found: 1146 Table 'gscc.partenaires' doesn't exist
[2026-05-05 19:11:07] Erreur partenaires.php: SQLSTATE[42S02]: Base table or view not found: 1146 Table 'gscc.partenaires' doesn't exist
[2026-05-05 22:06:37] Erreur getSliderImages: SQLSTATE[42S02]: Base table or view not found: 1146 Table 'gscc.slider_accueil' doesn't exist
[2026-05-05 22:06:37] Erreur getPartenairesActifs: SQLSTATE[42S02]: Base table or view not found: 1146 Table 'gscc.partenaires' doesn't exist
[2026-05-05 22:09:44] Erreur getSliderImages: SQLSTATE[42S02]: Base table or view not found: 1146 Table 'gscc.slider_accueil' doesn't exist
[2026-05-05 22:09:44] Erreur getPartenairesActifs: SQLSTATE[42S02]: Base table or view not found: 1146 Table 'gscc.partenaires' doesn't exist
[2026-05-05 22:12:28] Erreur partenaires.php: SQLSTATE[42S02]: Base table or view not found: 1146 Table 'gscc.partenaires' doesn't exist
[2026-05-05 22:30:25] Erreur getSliderImages: SQLSTATE[42S02]: Base table or view not found: 1146 Table 'gscc.slider_accueil' doesn't exist
[2026-05-05 22:30:25] Erreur getPartenairesActifs: SQLSTATE[42S02]: Base table or view not found: 1146 Table 'gscc.partenaires' doesn't exist
[2026-05-06 08:09:08] Erreur getSliderImages: SQLSTATE[42S02]: Base table or view not found: 1146 Table 'gscc.slider_accueil' doesn't exist
[2026-05-06 08:09:08] Erreur getPartenairesActifs: SQLSTATE[42S02]: Base table or view not found: 1146 Table 'gscc.partenaires' doesn't exist
[2026-05-07 07:19:17] Erreur getSliderImages: SQLSTATE[42S02]: Base table or view not found: 1146 Table 'gscc.slider_accueil' doesn't exist
[2026-05-07 07:19:17] Erreur getPartenairesActifs: SQLSTATE[42S02]: Base table or view not found: 1146 Table 'gscc.partenaires' doesn't exist
[2026-05-07 07:19:21] Erreur getSliderImages: SQLSTATE[42S02]: Base table or view not found: 1146 Table 'gscc.slider_accueil' doesn't exist
[2026-05-07 07:19:21] Erreur getPartenairesActifs: SQLSTATE[42S02]: Base table or view not found: 1146 Table 'gscc.partenaires' doesn't exist
[2026-05-07 07:19:25] Erreur getSliderImages: SQLSTATE[42S02]: Base table or view not found: 1146 Table 'gscc.slider_accueil' doesn't exist
[2026-05-07 07:19:25] Erreur getPartenairesActifs: SQLSTATE[42S02]: Base table or view not found: 1146 Table 'gscc.partenaires' doesn't exist
[2026-05-07 07:19:31] Erreur getSliderImages: SQLSTATE[42S02]: Base table or view not found: 1146 Table 'gscc.slider_accueil' doesn't exist
[2026-05-07 07:19:31] Erreur getPartenairesActifs: SQLSTATE[42S02]: Base table or view not found: 1146 Table 'gscc.partenaires' doesn't exist
[2026-05-07 07:21:07] Erreur getSliderImages: SQLSTATE[42S02]: Base table or view not found: 1146 Table 'gscc.slider_accueil' doesn't exist
[2026-05-07 07:21:07] Erreur getPartenairesActifs: SQLSTATE[42S02]: Base table or view not found: 1146 Table 'gscc.partenaires' doesn't exist
[2026-05-07 07:22:48] Erreur getSliderImages: SQLSTATE[42S02]: Base table or view not found: 1146 Table 'gscc.slider_accueil' doesn't exist
[2026-05-07 07:22:48] Erreur getPartenairesActifs: SQLSTATE[42S02]: Base table or view not found: 1146 Table 'gscc.partenaires' doesn't exist
[2026-05-07 07:23:40] Erreur getSliderImages: SQLSTATE[42S02]: Base table or view not found: 1146 Table 'gscc.slider_accueil' doesn't exist
[2026-05-07 07:23:40] Erreur getPartenairesActifs: SQLSTATE[42S02]: Base table or view not found: 1146 Table 'gscc.partenaires' doesn't exist
[2026-05-07 08:11:10] Erreur getSliderImages: SQLSTATE[42S02]: Base table or view not found: 1146 Table 'gscc.slider_accueil' doesn't exist
[2026-05-07 08:11:10] Erreur getPartenairesActifs: SQLSTATE[42S02]: Base table or view not found: 1146 Table 'gscc.partenaires' doesn't exist
[2026-05-07 11:42:07] Erreur getSliderImages: SQLSTATE[42S02]: Base table or view not found: 1146 Table 'gscc.slider_accueil' doesn't exist
[2026-05-07 11:42:07] Erreur getPartenairesActifs: SQLSTATE[42S02]: Base table or view not found: 1146 Table 'gscc.partenaires' doesn't exist
[2026-05-07 11:42:21] Erreur getSliderImages: SQLSTATE[42S02]: Base table or view not found: 1146 Table 'gscc.slider_accueil' doesn't exist
[2026-05-07 11:42:21] Erreur getPartenairesActifs: SQLSTATE[42S02]: Base table or view not found: 1146 Table 'gscc.partenaires' doesn't exist
[2026-05-07 11:42:38] Erreur getSliderImages: SQLSTATE[42S02]: Base table or view not found: 1146 Table 'gscc.slider_accueil' doesn't exist
[2026-05-07 11:42:38] Erreur getPartenairesActifs: SQLSTATE[42S02]: Base table or view not found: 1146 Table 'gscc.partenaires' doesn't exist
[2026-05-07 11:44:22] Erreur partenaires.php: SQLSTATE[42S02]: Base table or view not found: 1146 Table 'gscc.partenaires' doesn't exist
[2026-05-07 11:45:06] Erreur getSliderImages: SQLSTATE[42S02]: Base table or view not found: 1146 Table 'gscc.slider_accueil' doesn't exist
[2026-05-07 11:45:06] Erreur getPartenairesActifs: SQLSTATE[42S02]: Base table or view not found: 1146 Table 'gscc.partenaires' doesn't exist
[2026-05-07 11:49:18] Erreur getSliderImages: SQLSTATE[42S02]: Base table or view not found: 1146 Table 'gscc.slider_accueil' doesn't exist
[2026-05-07 11:49:18] Erreur getPartenairesActifs: SQLSTATE[42S02]: Base table or view not found: 1146 Table 'gscc.partenaires' doesn't exist
[2026-05-07 11:52:25] Erreur getSliderImages: SQLSTATE[42S02]: Base table or view not found: 1146 Table 'gscc.slider_accueil' doesn't exist
[2026-05-07 11:52:25] Erreur getPartenairesActifs: SQLSTATE[42S02]: Base table or view not found: 1146 Table 'gscc.partenaires' doesn't exist
[2026-05-08 08:40:55] Erreur getSliderImages: SQLSTATE[42S02]: Base table or view not found: 1146 Table 'gscc.slider_accueil' doesn't exist
[2026-05-08 08:40:55] Erreur getPartenairesActifs: SQLSTATE[42S02]: Base table or view not found: 1146 Table 'gscc.partenaires' doesn't exist
[2026-05-08 22:24:11] Erreur partenaires.php: SQLSTATE[42S02]: Base table or view not found: 1146 Table 'gscc.partenaires' doesn't exist
[2026-05-09 17:22:07] Erreur getSliderImages: SQLSTATE[42S02]: Base table or view not found: 1146 Table 'gscc.slider_accueil' doesn't exist
[2026-05-09 17:22:07] Erreur getPartenairesActifs: SQLSTATE[42S02]: Base table or view not found: 1146 Table 'gscc.partenaires' doesn't exist
[2026-05-09 17:22:23] Erreur getSliderImages: SQLSTATE[42S02]: Base table or view not found: 1146 Table 'gscc.slider_accueil' doesn't exist
[2026-05-09 17:22:23] Erreur getPartenairesActifs: SQLSTATE[42S02]: Base table or view not found: 1146 Table 'gscc.partenaires' doesn't exist
[2026-05-09 17:22:30] Erreur getSliderImages: SQLSTATE[42S02]: Base table or view not found: 1146 Table 'gscc.slider_accueil' doesn't exist
[2026-05-09 17:22:30] Erreur getPartenairesActifs: SQLSTATE[42S02]: Base table or view not found: 1146 Table 'gscc.partenaires' doesn't exist
[2026-05-09 17:22:35] Erreur getSliderImages: SQLSTATE[42S02]: Base table or view not found: 1146 Table 'gscc.slider_accueil' doesn't exist
[2026-05-09 17:22:35] Erreur getPartenairesActifs: SQLSTATE[42S02]: Base table or view not found: 1146 Table 'gscc.partenaires' doesn't exist
[2026-05-09 17:22:50] Erreur getSliderImages: SQLSTATE[42S02]: Base table or view not found: 1146 Table 'gscc.slider_accueil' doesn't exist
[2026-05-09 17:22:50] Erreur getPartenairesActifs: SQLSTATE[42S02]: Base table or view not found: 1146 Table 'gscc.partenaires' doesn't exist
[2026-05-09 17:22:58] Erreur getSliderImages: SQLSTATE[42S02]: Base table or view not found: 1146 Table 'gscc.slider_accueil' doesn't exist
[2026-05-09 17:22:58] Erreur getPartenairesActifs: SQLSTATE[42S02]: Base table or view not found: 1146 Table 'gscc.partenaires' doesn't exist
[2026-05-09 17:23:42] Erreur getSliderImages: SQLSTATE[42S02]: Base table or view not found: 1146 Table 'gscc.slider_accueil' doesn't exist
[2026-05-09 17:23:42] Erreur getPartenairesActifs: SQLSTATE[42S02]: Base table or view not found: 1146 Table 'gscc.partenaires' doesn't exist
[2026-05-09 17:26:24] Erreur partenaires.php: SQLSTATE[42S02]: Base table or view not found: 1146 Table 'gscc.partenaires' doesn't exist
[2026-05-09 17:36:50] Erreur getSliderImages: SQLSTATE[42S02]: Base table or view not found: 1146 Table 'gscc.slider_accueil' doesn't exist
[2026-05-09 17:36:50] Erreur getPartenairesActifs: SQLSTATE[42S02]: Base table or view not found: 1146 Table 'gscc.partenaires' doesn't exist
[2026-05-09 20:26:21] Erreur partenaires.php: SQLSTATE[42S02]: Base table or view not found: 1146 Table 'gscc.partenaires' doesn't exist
[2026-05-09 20:36:29] Erreur partenaires.php: SQLSTATE[42S02]: Base table or view not found: 1146 Table 'gscc.partenaires' doesn't exist
[2026-05-09 20:48:27] Erreur partenaires.php: SQLSTATE[42S02]: Base table or view not found: 1146 Table 'gscc.partenaires' doesn't exist
[2026-05-09 20:49:23] Erreur partenaires.php: SQLSTATE[42S02]: Base table or view not found: 1146 Table 'gscc.partenaires' doesn't exist
[2026-05-09 20:53:23] Erreur partenaires.php: SQLSTATE[42S02]: Base table or view not found: 1146 Table 'gscc.partenaires' doesn't exist
[2026-05-09 20:56:47] Erreur partenaires.php: SQLSTATE[42S02]: Base table or view not found: 1146 Table 'gscc.partenaires' doesn't exist
[2026-05-09 20:58:24] Erreur partenaires.php: SQLSTATE[42S02]: Base table or view not found: 1146 Table 'gscc.partenaires' doesn't exist
[2026-05-09 21:10:52] Erreur getSliderImages: SQLSTATE[42S02]: Base table or view not found: 1146 Table 'gscc.slider_accueil' doesn't exist
[2026-05-09 21:10:52] Erreur getPartenairesActifs: SQLSTATE[42S02]: Base table or view not found: 1146 Table 'gscc.partenaires' doesn't exist
[2026-05-09 21:11:02] Erreur getSliderImages: SQLSTATE[42S02]: Base table or view not found: 1146 Table 'gscc.slider_accueil' doesn't exist
[2026-05-09 21:11:02] Erreur getPartenairesActifs: SQLSTATE[42S02]: Base table or view not found: 1146 Table 'gscc.partenaires' doesn't exist
[2026-05-09 22:45:24] Erreur partenaires.php: SQLSTATE[42S02]: Base table or view not found: 1146 Table 'gscc.partenaires' doesn't exist
[2026-05-09 22:52:48] Erreur getSliderImages: SQLSTATE[42S02]: Base table or view not found: 1146 Table 'gscc.slider_accueil' doesn't exist
[2026-05-09 22:52:48] Erreur getPartenairesActifs: SQLSTATE[42S02]: Base table or view not found: 1146 Table 'gscc.partenaires' doesn't exist
[2026-05-10 08:26:17] Erreur getSliderImages: SQLSTATE[42S02]: Base table or view not found: 1146 Table 'gscc.slider_accueil' doesn't exist
[2026-05-10 08:26:17] Erreur getPartenairesActifs: SQLSTATE[42S02]: Base table or view not found: 1146 Table 'gscc.partenaires' doesn't exist
[2026-05-10 08:28:21] Erreur partenaires.php: SQLSTATE[42S02]: Base table or view not found: 1146 Table 'gscc.partenaires' doesn't exist
[2026-05-10 08:30:44] Erreur getSliderImages: SQLSTATE[42S02]: Base table or view not found: 1146 Table 'gscc.slider_accueil' doesn't exist
[2026-05-10 08:30:44] Erreur getPartenairesActifs: SQLSTATE[42S02]: Base table or view not found: 1146 Table 'gscc.partenaires' doesn't exist
[2026-05-10 11:11:53] Erreur getSliderImages: SQLSTATE[42S02]: Base table or view not found: 1146 Table 'gscc.slider_accueil' doesn't exist
[2026-05-10 11:11:53] Erreur getPartenairesActifs: SQLSTATE[42S02]: Base table or view not found: 1146 Table 'gscc.partenaires' doesn't exist
[2026-05-10 11:13:09] Erreur getSliderImages: SQLSTATE[42S02]: Base table or view not found: 1146 Table 'gscc.slider_accueil' doesn't exist
[2026-05-10 11:13:09] Erreur getPartenairesActifs: SQLSTATE[42S02]: Base table or view not found: 1146 Table 'gscc.partenaires' doesn't exist
[2026-05-10 11:14:05] Erreur getSliderImages: SQLSTATE[42S02]: Base table or view not found: 1146 Table 'gscc.slider_accueil' doesn't exist
[2026-05-10 11:14:05] Erreur getPartenairesActifs: SQLSTATE[42S02]: Base table or view not found: 1146 Table 'gscc.partenaires' doesn't exist
[2026-05-10 11:16:08] Erreur getSliderImages: SQLSTATE[42S02]: Base table or view not found: 1146 Table 'gscc.slider_accueil' doesn't exist
[2026-05-10 11:16:08] Erreur getPartenairesActifs: SQLSTATE[42S02]: Base table or view not found: 1146 Table 'gscc.partenaires' doesn't exist
[2026-05-10 11:23:32] Erreur partenaires.php: SQLSTATE[42S02]: Base table or view not found: 1146 Table 'gscc.partenaires' doesn't exist
[2026-05-10 11:24:01] Erreur partenaires.php: SQLSTATE[42S02]: Base table or view not found: 1146 Table 'gscc.partenaires' doesn't exist
[2026-05-10 11:25:53] Erreur getSliderImages: SQLSTATE[42S02]: Base table or view not found: 1146 Table 'gscc.slider_accueil' doesn't exist
[2026-05-10 11:25:53] Erreur getPartenairesActifs: SQLSTATE[42S02]: Base table or view not found: 1146 Table 'gscc.partenaires' doesn't exist
[2026-05-10 11:45:55] Erreur getSliderImages: SQLSTATE[42S02]: Base table or view not found: 1146 Table 'gscc.slider_accueil' doesn't exist
[2026-05-10 11:45:55] Erreur getPartenairesActifs: SQLSTATE[42S02]: Base table or view not found: 1146 Table 'gscc.partenaires' doesn't exist
[2026-05-10 12:27:02] Erreur getSliderImages: SQLSTATE[42S02]: Base table or view not found: 1146 Table 'gscc.slider_accueil' doesn't exist
[2026-05-10 12:27:02] Erreur getPartenairesActifs: SQLSTATE[42S02]: Base table or view not found: 1146 Table 'gscc.partenaires' doesn't exist
[2026-05-10 12:27:52] Erreur partenaires.php: SQLSTATE[42S02]: Base table or view not found: 1146 Table 'gscc.partenaires' doesn't exist
[2026-05-10 12:28:02] Erreur getSliderImages: SQLSTATE[42S02]: Base table or view not found: 1146 Table 'gscc.slider_accueil' doesn't exist
[2026-05-10 12:28:02] Erreur getPartenairesActifs: SQLSTATE[42S02]: Base table or view not found: 1146 Table 'gscc.partenaires' doesn't exist
[2026-05-10 12:29:03] Erreur getSliderImages: SQLSTATE[42S02]: Base table or view not found: 1146 Table 'gscc.slider_accueil' doesn't exist
[2026-05-10 12:29:03] Erreur getPartenairesActifs: SQLSTATE[42S02]: Base table or view not found: 1146 Table 'gscc.partenaires' doesn't exist
[2026-05-10 12:30:14] Erreur getSliderImages: SQLSTATE[42S02]: Base table or view not found: 1146 Table 'gscc.slider_accueil' doesn't exist
[2026-05-10 12:30:14] Erreur getPartenairesActifs: SQLSTATE[42S02]: Base table or view not found: 1146 Table 'gscc.partenaires' doesn't exist
[2026-05-10 12:30:59] Erreur getSliderImages: SQLSTATE[42S02]: Base table or view not found: 1146 Table 'gscc.slider_accueil' doesn't exist
[2026-05-10 12:30:59] Erreur getPartenairesActifs: SQLSTATE[42S02]: Base table or view not found: 1146 Table 'gscc.partenaires' doesn't exist
[2026-05-10 18:32:47] Erreur getSliderImages: SQLSTATE[42S02]: Base table or view not found: 1146 Table 'gscc.slider_accueil' doesn't exist
[2026-05-10 18:32:47] Erreur getPartenairesActifs: SQLSTATE[42S02]: Base table or view not found: 1146 Table 'gscc.partenaires' doesn't exist
[2026-05-10 18:37:43] Erreur getSliderImages: SQLSTATE[42S02]: Base table or view not found: 1146 Table 'gscc.slider_accueil' doesn't exist
[2026-05-10 18:37:43] Erreur getPartenairesActifs: SQLSTATE[42S02]: Base table or view not found: 1146 Table 'gscc.partenaires' doesn't exist
[2026-05-10 18:37:56] Erreur getSliderImages: SQLSTATE[42S02]: Base table or view not found: 1146 Table 'gscc.slider_accueil' doesn't exist
[2026-05-10 18:37:56] Erreur getPartenairesActifs: SQLSTATE[42S02]: Base table or view not found: 1146 Table 'gscc.partenaires' doesn't exist
[2026-05-10 19:02:32] Erreur getSliderImages: SQLSTATE[42S02]: Base table or view not found: 1146 Table 'gscc.slider_accueil' doesn't exist
[2026-05-10 19:02:32] Erreur getPartenairesActifs: SQLSTATE[42S02]: Base table or view not found: 1146 Table 'gscc.partenaires' doesn't exist
[2026-05-10 19:10:03] Erreur getSliderImages: SQLSTATE[42S02]: Base table or view not found: 1146 Table 'gscc.slider_accueil' doesn't exist
[2026-05-10 19:10:03] Erreur getPartenairesActifs: SQLSTATE[42S02]: Base table or view not found: 1146 Table 'gscc.partenaires' doesn't exist
[2026-05-11 10:53:34] Erreur partenaires.php: SQLSTATE[42S02]: Base table or view not found: 1146 Table 'gscc.partenaires' doesn't exist
[2026-05-11 10:57:48] Erreur getSliderImages: SQLSTATE[42S02]: Base table or view not found: 1146 Table 'gscc.slider_accueil' doesn't exist
[2026-05-11 10:57:48] Erreur getPartenairesActifs: SQLSTATE[42S02]: Base table or view not found: 1146 Table 'gscc.partenaires' doesn't exist
[2026-05-11 12:16:07] Erreur getSliderImages: SQLSTATE[42S02]: Base table or view not found: 1146 Table 'gscc.slider_accueil' doesn't exist
[2026-05-11 12:16:07] Erreur getPartenairesActifs: SQLSTATE[42S02]: Base table or view not found: 1146 Table 'gscc.partenaires' doesn't exist
[2026-05-11 12:16:20] Erreur getSliderImages: SQLSTATE[42S02]: Base table or view not found: 1146 Table 'gscc.slider_accueil' doesn't exist
[2026-05-11 12:16:20] Erreur getPartenairesActifs: SQLSTATE[42S02]: Base table or view not found: 1146 Table 'gscc.partenaires' doesn't exist
[2026-05-11 12:16:36] Erreur partenaires.php: SQLSTATE[42S02]: Base table or view not found: 1146 Table 'gscc.partenaires' doesn't exist
[2026-05-11 12:16:47] Erreur partenaires.php: SQLSTATE[42S02]: Base table or view not found: 1146 Table 'gscc.partenaires' doesn't exist
[2026-05-11 12:19:13] Erreur partenaires.php: SQLSTATE[42S02]: Base table or view not found: 1146 Table 'gscc.partenaires' doesn't exist
[2026-05-11 12:19:49] Erreur getSliderImages: SQLSTATE[42S02]: Base table or view not found: 1146 Table 'gscc.slider_accueil' doesn't exist
[2026-05-11 12:19:49] Erreur getPartenairesActifs: SQLSTATE[42S02]: Base table or view not found: 1146 Table 'gscc.partenaires' doesn't exist
[2026-05-11 12:19:59] Erreur getSliderImages: SQLSTATE[42S02]: Base table or view not found: 1146 Table 'gscc.slider_accueil' doesn't exist
[2026-05-11 12:19:59] Erreur getPartenairesActifs: SQLSTATE[42S02]: Base table or view not found: 1146 Table 'gscc.partenaires' doesn't exist
[2026-05-11 12:20:22] Erreur partenaires.php: SQLSTATE[42S02]: Base table or view not found: 1146 Table 'gscc.partenaires' doesn't exist
[2026-05-11 12:20:23] Erreur partenaires.php: SQLSTATE[42S02]: Base table or view not found: 1146 Table 'gscc.partenaires' doesn't exist
[2026-05-11 12:20:29] Erreur partenaires.php: SQLSTATE[42S02]: Base table or view not found: 1146 Table 'gscc.partenaires' doesn't exist
[2026-05-11 12:20:33] Erreur partenaires.php: SQLSTATE[42S02]: Base table or view not found: 1146 Table 'gscc.partenaires' doesn't exist
[2026-05-11 12:20:40] Erreur partenaires.php: SQLSTATE[42S02]: Base table or view not found: 1146 Table 'gscc.partenaires' doesn't exist
[2026-05-11 12:20:42] Erreur partenaires.php: SQLSTATE[42S02]: Base table or view not found: 1146 Table 'gscc.partenaires' doesn't exist
[2026-05-11 14:21:49] Erreur getSliderImages: SQLSTATE[42S02]: Base table or view not found: 1146 Table 'gscc.slider_accueil' doesn't exist
[2026-05-11 14:21:49] Erreur getPartenairesActifs: SQLSTATE[42S02]: Base table or view not found: 1146 Table 'gscc.partenaires' doesn't exist
[2026-05-12 09:03:56] Erreur getSliderImages: SQLSTATE[42S02]: Base table or view not found: 1146 Table 'gscc.slider_accueil' doesn't exist
[2026-05-12 09:03:56] Erreur getPartenairesActifs: SQLSTATE[42S02]: Base table or view not found: 1146 Table 'gscc.partenaires' doesn't exist
[2026-05-12 10:49:33] Erreur getSliderImages: SQLSTATE[42S02]: Base table or view not found: 1146 Table 'gscc.slider_accueil' doesn't exist
[2026-05-12 10:49:33] Erreur getPartenairesActifs: SQLSTATE[42S02]: Base table or view not found: 1146 Table 'gscc.partenaires' doesn't exist
[2026-05-12 11:18:38] Erreur getSliderImages: SQLSTATE[42S02]: Base table or view not found: 1146 Table 'gscc.slider_accueil' doesn't exist
[2026-05-12 11:18:39] Erreur getPartenairesActifs: SQLSTATE[42S02]: Base table or view not found: 1146 Table 'gscc.partenaires' doesn't exist
[2026-05-12 11:19:17] Erreur getSliderImages: SQLSTATE[42S02]: Base table or view not found: 1146 Table 'gscc.slider_accueil' doesn't exist
[2026-05-12 11:19:17] Erreur getPartenairesActifs: SQLSTATE[42S02]: Base table or view not found: 1146 Table 'gscc.partenaires' doesn't exist
[2026-05-12 12:15:36] Erreur getSliderImages: SQLSTATE[42S02]: Base table or view not found: 1146 Table 'gscc.slider_accueil' doesn't exist
[2026-05-12 12:15:36] Erreur getPartenairesActifs: SQLSTATE[42S02]: Base table or view not found: 1146 Table 'gscc.partenaires' doesn't exist
[2026-05-12 12:16:35] Erreur getSliderImages: SQLSTATE[42S02]: Base table or view not found: 1146 Table 'gscc.slider_accueil' doesn't exist
[2026-05-12 12:16:35] Erreur getPartenairesActifs: SQLSTATE[42S02]: Base table or view not found: 1146 Table 'gscc.partenaires' doesn't exist
[2026-05-12 12:20:02] Erreur getSliderImages: SQLSTATE[42S02]: Base table or view not found: 1146 Table 'gscc.slider_accueil' doesn't exist
[2026-05-12 12:20:02] Erreur getPartenairesActifs: SQLSTATE[42S02]: Base table or view not found: 1146 Table 'gscc.partenaires' doesn't exist
[2026-05-12 12:21:21] Erreur getSliderImages: SQLSTATE[42S02]: Base table or view not found: 1146 Table 'gscc.slider_accueil' doesn't exist
[2026-05-12 12:21:21] Erreur getPartenairesActifs: SQLSTATE[42S02]: Base table or view not found: 1146 Table 'gscc.partenaires' doesn't exist
[2026-05-12 12:24:42] Erreur getSliderImages: SQLSTATE[42S02]: Base table or view not found: 1146 Table 'gscc.slider_accueil' doesn't exist
[2026-05-12 12:24:42] Erreur getPartenairesActifs: SQLSTATE[42S02]: Base table or view not found: 1146 Table 'gscc.partenaires' doesn't exist
[2026-05-12 12:39:42] Erreur getSliderImages: SQLSTATE[42S02]: Base table or view not found: 1146 Table 'gscc.slider_accueil' doesn't exist
[2026-05-12 12:39:42] Erreur getPartenairesActifs: SQLSTATE[42S02]: Base table or view not found: 1146 Table 'gscc.partenaires' doesn't exist
[2026-05-12 12:46:32] Erreur partenaires.php: SQLSTATE[42S02]: Base table or view not found: 1146 Table 'gscc.partenaires' doesn't exist
[2026-05-12 13:00:23] Erreur getSliderImages: SQLSTATE[42S02]: Base table or view not found: 1146 Table 'gscc.slider_accueil' doesn't exist
[2026-05-12 13:00:23] Erreur getPartenairesActifs: SQLSTATE[42S02]: Base table or view not found: 1146 Table 'gscc.partenaires' doesn't exist
[2026-05-12 13:51:25] Erreur getSliderImages: SQLSTATE[42S02]: Base table or view not found: 1146 Table 'gscc.slider_accueil' doesn't exist
[2026-05-12 13:51:25] Erreur getPartenairesActifs: SQLSTATE[42S02]: Base table or view not found: 1146 Table 'gscc.partenaires' doesn't exist
[2026-05-12 14:00:44] Erreur getSliderImages: SQLSTATE[42S02]: Base table or view not found: 1146 Table 'gscc.slider_accueil' doesn't exist
[2026-05-12 14:00:44] Erreur getPartenairesActifs: SQLSTATE[42S02]: Base table or view not found: 1146 Table 'gscc.partenaires' doesn't exist
[2026-05-12 14:09:22] Erreur getSliderImages: SQLSTATE[42S02]: Base table or view not found: 1146 Table 'gscc.slider_accueil' doesn't exist
[2026-05-12 14:09:22] Erreur getPartenairesActifs: SQLSTATE[42S02]: Base table or view not found: 1146 Table 'gscc.partenaires' doesn't exist
[2026-05-12 14:10:00] Erreur getSliderImages: SQLSTATE[42S02]: Base table or view not found: 1146 Table 'gscc.slider_accueil' doesn't exist
[2026-05-12 14:10:00] Erreur getPartenairesActifs: SQLSTATE[42S02]: Base table or view not found: 1146 Table 'gscc.partenaires' doesn't exist
[2026-05-12 14:10:33] Erreur getSliderImages: SQLSTATE[42S02]: Base table or view not found: 1146 Table 'gscc.slider_accueil' doesn't exist
[2026-05-12 14:10:33] Erreur getPartenairesActifs: SQLSTATE[42S02]: Base table or view not found: 1146 Table 'gscc.partenaires' doesn't exist
[2026-05-12 14:12:39] Erreur getSliderImages: SQLSTATE[42S02]: Base table or view not found: 1146 Table 'gscc.slider_accueil' doesn't exist
[2026-05-12 14:12:39] Erreur getPartenairesActifs: SQLSTATE[42S02]: Base table or view not found: 1146 Table 'gscc.partenaires' doesn't exist
[2026-05-12 14:13:34] Erreur getSliderImages: SQLSTATE[42S02]: Base table or view not found: 1146 Table 'gscc.slider_accueil' doesn't exist
[2026-05-12 14:13:34] Erreur getPartenairesActifs: SQLSTATE[42S02]: Base table or view not found: 1146 Table 'gscc.partenaires' doesn't exist
[2026-05-12 14:19:30] Erreur getSliderImages: SQLSTATE[42S02]: Base table or view not found: 1146 Table 'gscc.slider_accueil' doesn't exist
[2026-05-12 14:19:30] Erreur getPartenairesActifs: SQLSTATE[42S02]: Base table or view not found: 1146 Table 'gscc.partenaires' doesn't exist
[2026-05-12 14:21:26] Erreur getSliderImages: SQLSTATE[42S02]: Base table or view not found: 1146 Table 'gscc.slider_accueil' doesn't exist
[2026-05-12 14:21:26] Erreur getPartenairesActifs: SQLSTATE[42S02]: Base table or view not found: 1146 Table 'gscc.partenaires' doesn't exist
[2026-05-12 14:24:56] Erreur partenaires.php: SQLSTATE[42S02]: Base table or view not found: 1146 Table 'gscc.partenaires' doesn't exist
[2026-05-12 14:26:00] Erreur getSliderImages: SQLSTATE[42S02]: Base table or view not found: 1146 Table 'gscc.slider_accueil' doesn't exist
[2026-05-12 14:26:00] Erreur getPartenairesActifs: SQLSTATE[42S02]: Base table or view not found: 1146 Table 'gscc.partenaires' doesn't exist
[2026-05-12 14:27:22] Erreur getSliderImages: SQLSTATE[42S02]: Base table or view not found: 1146 Table 'gscc.slider_accueil' doesn't exist
[2026-05-12 14:27:22] Erreur getPartenairesActifs: SQLSTATE[42S02]: Base table or view not found: 1146 Table 'gscc.partenaires' doesn't exist
[2026-05-12 14:29:53] Erreur getSliderImages: SQLSTATE[42S02]: Base table or view not found: 1146 Table 'gscc.slider_accueil' doesn't exist
[2026-05-12 14:29:53] Erreur getPartenairesActifs: SQLSTATE[42S02]: Base table or view not found: 1146 Table 'gscc.partenaires' doesn't exist
[2026-05-12 14:30:53] Erreur getSliderImages: SQLSTATE[42S02]: Base table or view not found: 1146 Table 'gscc.slider_accueil' doesn't exist
[2026-05-12 14:30:53] Erreur getPartenairesActifs: SQLSTATE[42S02]: Base table or view not found: 1146 Table 'gscc.partenaires' doesn't exist
[2026-05-12 14:32:37] Erreur getSliderImages: SQLSTATE[42S02]: Base table or view not found: 1146 Table 'gscc.slider_accueil' doesn't exist
[2026-05-12 14:32:37] Erreur getPartenairesActifs: SQLSTATE[42S02]: Base table or view not found: 1146 Table 'gscc.partenaires' doesn't exist
[2026-05-12 14:39:04] Erreur partenaires.php: SQLSTATE[42S02]: Base table or view not found: 1146 Table 'gscc.partenaires' doesn't exist
[2026-05-12 14:40:25] Erreur partenaires.php: SQLSTATE[42S02]: Base table or view not found: 1146 Table 'gscc.partenaires' doesn't exist
[2026-05-12 14:40:36] Erreur getSliderImages: SQLSTATE[42S02]: Base table or view not found: 1146 Table 'gscc.slider_accueil' doesn't exist
[2026-05-12 14:40:36] Erreur getPartenairesActifs: SQLSTATE[42S02]: Base table or view not found: 1146 Table 'gscc.partenaires' doesn't exist
[2026-05-12 14:40:37] Erreur getSliderImages: SQLSTATE[42S02]: Base table or view not found: 1146 Table 'gscc.slider_accueil' doesn't exist
[2026-05-12 14:40:37] Erreur getPartenairesActifs: SQLSTATE[42S02]: Base table or view not found: 1146 Table 'gscc.partenaires' doesn't exist
[2026-05-12 14:40:48] Erreur getSliderImages: SQLSTATE[42S02]: Base table or view not found: 1146 Table 'gscc.slider_accueil' doesn't exist
[2026-05-12 14:40:48] Erreur getPartenairesActifs: SQLSTATE[42S02]: Base table or view not found: 1146 Table 'gscc.partenaires' doesn't exist
[2026-05-12 14:41:22] Erreur partenaires.php: SQLSTATE[42S02]: Base table or view not found: 1146 Table 'gscc.partenaires' doesn't exist
[2026-05-12 15:37:48] Erreur getSliderImages: SQLSTATE[42S02]: Base table or view not found: 1146 Table 'gscc.slider_accueil' doesn't exist
[2026-05-12 15:37:48] Erreur getPartenairesActifs: SQLSTATE[42S02]: Base table or view not found: 1146 Table 'gscc.partenaires' doesn't exist
[2026-05-12 16:01:21] Erreur getSliderImages: SQLSTATE[42S02]: Base table or view not found: 1146 Table 'gscc.slider_accueil' doesn't exist
[2026-05-12 16:01:21] Erreur getPartenairesActifs: SQLSTATE[42S02]: Base table or view not found: 1146 Table 'gscc.partenaires' doesn't exist
[2026-05-12 16:01:31] Erreur getSliderImages: SQLSTATE[42S02]: Base table or view not found: 1146 Table 'gscc.slider_accueil' doesn't exist
[2026-05-12 16:01:31] Erreur getPartenairesActifs: SQLSTATE[42S02]: Base table or view not found: 1146 Table 'gscc.partenaires' doesn't exist
[2026-05-14 18:10:51] Erreur getSliderImages: SQLSTATE[42S02]: Base table or view not found: 1146 Table 'gscc.slider_accueil' doesn't exist
[2026-05-14 18:10:52] Erreur getPartenairesActifs: SQLSTATE[42S02]: Base table or view not found: 1146 Table 'gscc.partenaires' doesn't exist
[2026-05-14 21:45:05] Erreur partenaires.php: SQLSTATE[42S02]: Base table or view not found: 1146 Table 'gscc.partenaires' doesn't exist
[2026-05-14 21:56:53] Erreur partenaires.php: SQLSTATE[42S02]: Base table or view not found: 1146 Table 'gscc.partenaires' doesn't exist
[2026-05-14 21:58:51] Erreur getSliderImages: SQLSTATE[42S02]: Base table or view not found: 1146 Table 'gscc.slider_accueil' doesn't exist
[2026-05-14 21:58:51] Erreur getPartenairesActifs: SQLSTATE[42S02]: Base table or view not found: 1146 Table 'gscc.partenaires' doesn't exist
[2026-05-15 22:35:40] Erreur getSliderImages: SQLSTATE[42S02]: Base table or view not found: 1146 Table 'gscc.slider_accueil' doesn't exist
[2026-05-15 22:35:40] Erreur getPartenairesActifs: SQLSTATE[42S02]: Base table or view not found: 1146 Table 'gscc.partenaires' doesn't exist
[2026-05-15 22:40:11] Erreur getSliderImages: SQLSTATE[42S02]: Base table or view not found: 1146 Table 'gscc.slider_accueil' doesn't exist
[2026-05-15 22:40:11] Erreur getPartenairesActifs: SQLSTATE[42S02]: Base table or view not found: 1146 Table 'gscc.partenaires' doesn't exist
[2026-05-15 22:41:20] Erreur getSliderImages: SQLSTATE[42S02]: Base table or view not found: 1146 Table 'gscc.slider_accueil' doesn't exist
[2026-05-15 22:41:20] Erreur getPartenairesActifs: SQLSTATE[42S02]: Base table or view not found: 1146 Table 'gscc.partenaires' doesn't exist
[2026-05-15 22:41:39] Erreur getSliderImages: SQLSTATE[42S02]: Base table or view not found: 1146 Table 'gscc.slider_accueil' doesn't exist
[2026-05-15 22:41:39] Erreur getPartenairesActifs: SQLSTATE[42S02]: Base table or view not found: 1146 Table 'gscc.partenaires' doesn't exist
[2026-05-15 22:43:49] Erreur getSliderImages: SQLSTATE[42S02]: Base table or view not found: 1146 Table 'gscc.slider_accueil' doesn't exist
[2026-05-15 22:43:50] Erreur getPartenairesActifs: SQLSTATE[42S02]: Base table or view not found: 1146 Table 'gscc.partenaires' doesn't exist
[2026-05-15 22:46:14] Erreur getSliderImages: SQLSTATE[42S02]: Base table or view not found: 1146 Table 'gscc.slider_accueil' doesn't exist
[2026-05-15 22:46:14] Erreur getPartenairesActifs: SQLSTATE[42S02]: Base table or view not found: 1146 Table 'gscc.partenaires' doesn't exist
[2026-05-15 22:46:45] Erreur getSliderImages: SQLSTATE[42S02]: Base table or view not found: 1146 Table 'gscc.slider_accueil' doesn't exist
[2026-05-15 22:46:45] Erreur getPartenairesActifs: SQLSTATE[42S02]: Base table or view not found: 1146 Table 'gscc.partenaires' doesn't exist
[2026-05-15 22:49:20] Erreur getSliderImages: SQLSTATE[42S02]: Base table or view not found: 1146 Table 'gscc.slider_accueil' doesn't exist
[2026-05-15 22:49:20] Erreur getPartenairesActifs: SQLSTATE[42S02]: Base table or view not found: 1146 Table 'gscc.partenaires' doesn't exist
[2026-05-15 22:51:25] Erreur getSliderImages: SQLSTATE[42S02]: Base table or view not found: 1146 Table 'gscc.slider_accueil' doesn't exist
[2026-05-15 22:51:25] Erreur getPartenairesActifs: SQLSTATE[42S02]: Base table or view not found: 1146 Table 'gscc.partenaires' doesn't exist
[2026-05-15 22:52:51] Erreur getSliderImages: SQLSTATE[42S02]: Base table or view not found: 1146 Table 'gscc.slider_accueil' doesn't exist
[2026-05-15 22:52:51] Erreur getPartenairesActifs: SQLSTATE[42S02]: Base table or view not found: 1146 Table 'gscc.partenaires' doesn't exist
[2026-05-15 22:54:52] Erreur getSliderImages: SQLSTATE[42S02]: Base table or view not found: 1146 Table 'gscc.slider_accueil' doesn't exist
[2026-05-15 22:54:52] Erreur getPartenairesActifs: SQLSTATE[42S02]: Base table or view not found: 1146 Table 'gscc.partenaires' doesn't exist
[2026-05-15 22:55:05] Erreur getSliderImages: SQLSTATE[42S02]: Base table or view not found: 1146 Table 'gscc.slider_accueil' doesn't exist
[2026-05-15 22:55:05] Erreur getPartenairesActifs: SQLSTATE[42S02]: Base table or view not found: 1146 Table 'gscc.partenaires' doesn't exist
[2026-05-15 22:56:39] Erreur getSliderImages: SQLSTATE[42S02]: Base table or view not found: 1146 Table 'gscc.slider_accueil' doesn't exist
[2026-05-15 22:56:39] Erreur getPartenairesActifs: SQLSTATE[42S02]: Base table or view not found: 1146 Table 'gscc.partenaires' doesn't exist
[2026-05-15 22:57:59] Erreur getSliderImages: SQLSTATE[42S02]: Base table or view not found: 1146 Table 'gscc.slider_accueil' doesn't exist
[2026-05-15 22:57:59] Erreur getPartenairesActifs: SQLSTATE[42S02]: Base table or view not found: 1146 Table 'gscc.partenaires' doesn't exist
[2026-05-16 18:54:47] Erreur getSliderImages: SQLSTATE[42S02]: Base table or view not found: 1146 Table 'gscc.slider_accueil' doesn't exist
[2026-05-16 18:54:47] Erreur getPartenairesActifs: SQLSTATE[42S02]: Base table or view not found: 1146 Table 'gscc.partenaires' doesn't exist
[2026-05-16 18:59:37] Erreur getSliderImages: SQLSTATE[42S02]: Base table or view not found: 1146 Table 'gscc.slider_accueil' doesn't exist
[2026-05-16 18:59:37] Erreur getPartenairesActifs: SQLSTATE[42S02]: Base table or view not found: 1146 Table 'gscc.partenaires' doesn't exist
[2026-05-16 19:00:20] Erreur getSliderImages: SQLSTATE[42S02]: Base table or view not found: 1146 Table 'gscc.slider_accueil' doesn't exist
[2026-05-16 19:00:20] Erreur getPartenairesActifs: SQLSTATE[42S02]: Base table or view not found: 1146 Table 'gscc.partenaires' doesn't exist
[2026-05-16 21:16:29] Erreur getSliderImages: SQLSTATE[42S02]: Base table or view not found: 1146 Table 'gscc.slider_accueil' doesn't exist
[2026-05-16 21:16:29] Erreur getPartenairesActifs: SQLSTATE[42S02]: Base table or view not found: 1146 Table 'gscc.partenaires' doesn't exist
[2026-05-16 21:23:22] Erreur getSliderImages: SQLSTATE[42S02]: Base table or view not found: 1146 Table 'gscc.slider_accueil' doesn't exist
[2026-05-16 21:23:22] Erreur getPartenairesActifs: SQLSTATE[42S02]: Base table or view not found: 1146 Table 'gscc.partenaires' doesn't exist
[2026-05-16 21:26:35] Erreur getSliderImages: SQLSTATE[42S02]: Base table or view not found: 1146 Table 'gscc.slider_accueil' doesn't exist
[2026-05-16 21:26:35] Erreur getPartenairesActifs: SQLSTATE[42S02]: Base table or view not found: 1146 Table 'gscc.partenaires' doesn't exist
[2026-05-16 21:29:01] Erreur getSliderImages: SQLSTATE[42S02]: Base table or view not found: 1146 Table 'gscc.slider_accueil' doesn't exist
[2026-05-16 21:29:01] Erreur getPartenairesActifs: SQLSTATE[42S02]: Base table or view not found: 1146 Table 'gscc.partenaires' doesn't exist
[2026-05-16 21:33:36] Erreur getSliderImages: SQLSTATE[42S02]: Base table or view not found: 1146 Table 'gscc.slider_accueil' doesn't exist
[2026-05-16 21:33:36] Erreur getPartenairesActifs: SQLSTATE[42S02]: Base table or view not found: 1146 Table 'gscc.partenaires' doesn't exist
[2026-05-16 21:34:10] Erreur getSliderImages: SQLSTATE[42S02]: Base table or view not found: 1146 Table 'gscc.slider_accueil' doesn't exist
[2026-05-16 21:34:10] Erreur getPartenairesActifs: SQLSTATE[42S02]: Base table or view not found: 1146 Table 'gscc.partenaires' doesn't exist
[2026-05-16 21:34:29] Erreur getSliderImages: SQLSTATE[42S02]: Base table or view not found: 1146 Table 'gscc.slider_accueil' doesn't exist
[2026-05-16 21:34:29] Erreur getPartenairesActifs: SQLSTATE[42S02]: Base table or view not found: 1146 Table 'gscc.partenaires' doesn't exist
[2026-05-16 21:40:10] Erreur getSliderImages: SQLSTATE[42S02]: Base table or view not found: 1146 Table 'gscc.slider_accueil' doesn't exist
[2026-05-16 21:40:10] Erreur getPartenairesActifs: SQLSTATE[42S02]: Base table or view not found: 1146 Table 'gscc.partenaires' doesn't exist
[2026-05-16 21:52:09] Erreur getSliderImages: SQLSTATE[42S02]: Base table or view not found: 1146 Table 'gscc.slider_accueil' doesn't exist
[2026-05-16 21:52:09] Erreur getPartenairesActifs: SQLSTATE[42S02]: Base table or view not found: 1146 Table 'gscc.partenaires' doesn't exist
[2026-05-16 21:58:35] Erreur getSliderImages: SQLSTATE[42S02]: Base table or view not found: 1146 Table 'gscc.slider_accueil' doesn't exist
[2026-05-16 21:58:35] Erreur getPartenairesActifs: SQLSTATE[42S02]: Base table or view not found: 1146 Table 'gscc.partenaires' doesn't exist
[2026-05-16 22:05:49] Erreur getSliderImages: SQLSTATE[42S02]: Base table or view not found: 1146 Table 'gscc.slider_accueil' doesn't exist
[2026-05-16 22:05:49] Erreur getPartenairesActifs: SQLSTATE[42S02]: Base table or view not found: 1146 Table 'gscc.partenaires' doesn't exist
[2026-05-16 22:08:14] Erreur getSliderImages: SQLSTATE[42S02]: Base table or view not found: 1146 Table 'gscc.slider_accueil' doesn't exist
[2026-05-16 22:08:14] Erreur getPartenairesActifs: SQLSTATE[42S02]: Base table or view not found: 1146 Table 'gscc.partenaires' doesn't exist
[2026-05-16 22:08:39] Erreur getSliderImages: SQLSTATE[42S02]: Base table or view not found: 1146 Table 'gscc.slider_accueil' doesn't exist
[2026-05-16 22:08:39] Erreur getPartenairesActifs: SQLSTATE[42S02]: Base table or view not found: 1146 Table 'gscc.partenaires' doesn't exist
[2026-05-25 23:15:49] Erreur getSliderImages: SQLSTATE[42S02]: Base table or view not found: 1146 Table 'gscc.slider_accueil' doesn't exist
[2026-05-25 23:15:49] Erreur getPartenairesActifs: SQLSTATE[42S02]: Base table or view not found: 1146 Table 'gscc.partenaires' doesn't exist
[2026-05-25 23:38:07] Erreur getSliderImages: SQLSTATE[42S02]: Base table or view not found: 1146 Table 'gscc.slider_accueil' doesn't exist
[2026-05-25 23:38:07] Erreur getPartenairesActifs: SQLSTATE[42S02]: Base table or view not found: 1146 Table 'gscc.partenaires' doesn't exist
[2026-05-25 23:41:26] Erreur getSliderImages: SQLSTATE[42S02]: Base table or view not found: 1146 Table 'gscc.slider_accueil' doesn't exist
[2026-05-25 23:41:26] Erreur getPartenairesActifs: SQLSTATE[42S02]: Base table or view not found: 1146 Table 'gscc.partenaires' doesn't exist
[2026-05-25 23:43:37] Erreur getSliderImages: SQLSTATE[42S02]: Base table or view not found: 1146 Table 'gscc.slider_accueil' doesn't exist
[2026-05-25 23:43:37] Erreur getPartenairesActifs: SQLSTATE[42S02]: Base table or view not found: 1146 Table 'gscc.partenaires' doesn't exist
[2026-05-26 00:03:50] Erreur partenaires.php: SQLSTATE[42S02]: Base table or view not found: 1146 Table 'gscc.partenaires' doesn't exist
[2026-05-26 00:12:03] Erreur partenaires.php: SQLSTATE[42S02]: Base table or view not found: 1146 Table 'gscc.partenaires' doesn't exist
[2026-05-26 00:14:42] Erreur partenaires.php: SQLSTATE[42S02]: Base table or view not found: 1146 Table 'gscc.partenaires' doesn't exist
[2026-05-26 00:37:54] Erreur getSliderImages: SQLSTATE[42S02]: Base table or view not found: 1146 Table 'gscc.slider_accueil' doesn't exist
[2026-05-26 00:37:54] Erreur getPartenairesActifs: SQLSTATE[42S02]: Base table or view not found: 1146 Table 'gscc.partenaires' doesn't exist
[2026-05-26 00:39:07] Erreur getSliderImages: SQLSTATE[42S02]: Base table or view not found: 1146 Table 'gscc.slider_accueil' doesn't exist
[2026-05-26 00:39:07] Erreur getPartenairesActifs: SQLSTATE[42S02]: Base table or view not found: 1146 Table 'gscc.partenaires' doesn't exist
[2026-05-26 00:59:54] Erreur getSliderImages: SQLSTATE[42S02]: Base table or view not found: 1146 Table 'gscc.slider_accueil' doesn't exist
[2026-05-26 00:59:54] Erreur getPartenairesActifs: SQLSTATE[42S02]: Base table or view not found: 1146 Table 'gscc.partenaires' doesn't exist
[2026-05-26 01:00:07] Erreur getSliderImages: SQLSTATE[42S02]: Base table or view not found: 1146 Table 'gscc.slider_accueil' doesn't exist
[2026-05-26 01:00:07] Erreur getPartenairesActifs: SQLSTATE[42S02]: Base table or view not found: 1146 Table 'gscc.partenaires' doesn't exist
[2026-05-26 01:49:47] Erreur getSliderImages: SQLSTATE[42S02]: Base table or view not found: 1146 Table 'gscc.slider_accueil' doesn't exist
[2026-05-26 01:49:47] Erreur getPartenairesActifs: SQLSTATE[42S02]: Base table or view not found: 1146 Table 'gscc.partenaires' doesn't exist
[2026-05-29 08:20:48] Erreur getSliderImages: SQLSTATE[42S02]: Base table or view not found: 1146 Table 'gscc.slider_accueil' doesn't exist
[2026-05-29 08:20:48] Erreur getPartenairesActifs: SQLSTATE[42S02]: Base table or view not found: 1146 Table 'gscc.partenaires' doesn't exist
